site,alpha,beta,beta-alpha,Prob[alpha>beta],Prob[alpha<beta],BayesFactor[alpha<beta],discard_1,discard_2
1,2.094773449606561,0.003783972898630329,-2.09098947670793,0.9944523144301822,0.0001699860865313003,0.0008636169770269199,0,0
2,0.8998942114235942,0.415922193650069,-0.4839720177735251,0.9681318223811399,0.01445742017744484,0.07451597287705185,0,0
3,2.814827020443842,0.7932352259577815,-2.02159179448606,0.9999999999966668,4.553829595183434e-17,2.31318698716503e-16,0,0
4,1.239786841255359,1.220960580505262,-0.0188262607500973,0.03121967185857456,0.01116491311651628,0.05735422886372948,0,0
5,1.119113945363538,0.4865747734183007,-0.632539171945237,0.9896610745409984,0.004530358524080065,0.02311737499389157,0,0
6,1.299124386410345,0.00847441961118749,-1.290649966799157,0.9999999999999986,8.996299588980654e-17,4.569807171502188e-16,0,0
7,1.220318661673157,0.5532791307836056,-0.6670395308895518,0.9887265511436257,0.0002226095739652075,0.001131030958681184,0,0
8,0.3570561485073348,0.4421524172668878,0.08509626875955295,0.2482873133989676,0.6308732991232971,8.681617569685171,0,0
9,0.3386166148493341,2.80746179602572,2.468845181176386,2.71207849477054e-09,0.9999912588897394,581116.9867475784,0,0
10,1.186217233053884,1.128551372937932,-0.05766586011595209,0.2303376205668897,0.07736183343059197,0.4259212447295382,0,0
11,1.008349524066794,0.6990235505229145,-0.3093259735438796,0.7952663186824508,0.1057994846224172,0.6010112502494976,0,0
12,1.206726094632913,1.170509435859545,-0.03621665877336855,0.1506955045975099,0.05352990843762281,0.2872920253317452,0,0
13,1.233933030725964,2.808615504441345,1.57468247371538,1.044413447478376e-05,0.9910665206181385,563.5288195297356,0,0
14,1.208147814443863,1.260070869954527,0.05192305551066423,0.0009024065047865466,0.08099288431972099,0.4476740870006322,0,0
15,2.814813340588727,2.213980228160167,-0.6008331124285609,0.3783143286825539,3.442946585061892e-07,1.748897672525657e-06,0,0
16,2.814142686818124,2.814814814791532,0.0006721279734080987,1.4648865578627e-11,0.0004230975092174911,0.002150097834162486,0,0
17,1.248741595180157,0.6882241225326918,-0.5605174726474648,0.9320446453728224,0.009586248490773669,0.04916612556469323,0,0
18,2.215400256305615,1.210144888941914,-1.005255367363701,0.6410896708388567,0.005180815965515913,0.02645379471962456,0,0
19,2.80980432974116,2.809624971283389,-0.0001793584577707286,0.003240096724355096,0.003124903709221169,0.0159231819657168,0,0
20,1.296855247309642,0.6046138415478768,-0.6922414057617652,0.998704055458532,0.0001323027419305475,0.0006721408213041633,0,0
21,2.811790823701679,1.226587973057635,-1.585202850644044,0.9980015129763689,3.292578278772258e-06,1.67252070965559e-05,0,0
22,0.809176672638725,0.7278721038484767,-0.08130456879024828,0.5114851348974806,0.3733692356402947,3.026640110593855,0,0
23,0.5648626744083072,0.7013754336533559,0.1365127592450487,0.2154109406205617,0.6873262362656632,11.16620111763504,0,0
24,1.26539763571927,0.6299505872272506,-0.6354470484920192,0.9938361194439258,0.0008958094384971704,0.004554480203541704,0,0
25,0.6192485567628073,0.9064235428712047,0.2871749861083974,0.08243058503603222,0.8460443114169681,27.91459520975513,0,0
26,2.814814801058612,1.206943473615687,-1.607871327442925,0.9999999898041907,2.502675465270106e-13,1.271272057585249e-12,0,0
27,1.223652858088165,0.08096414473841952,-1.142688713349746,0.999999999477557,5.136240388924951e-11,2.609031405959824e-10,0,0
28,2.814814808055514,0.6230021590537932,-2.191812649001721,0.9999999999887451,3.068066629759638e-16,1.55847109677133e-15,0,0
29,1.225839976609899,0.08888444586431711,-1.136955530745581,0.9999999763840247,3.698709331176201e-10,1.878815647031818e-09,0,0
30,2.387803618121425,0.01122812236860875,-2.376575495752817,0.9999999999999997,3.532947040150696e-17,1.794614170074277e-16,0,0
31,0.8792118835638406,0.5398147357220244,-0.3393971478418162,0.8655906806709806,0.07902721103469999,0.4358768683753068,0,0
32,2.814812871573494,0.07275706994667845,-2.742055801626816,1,8.895278703034268e-28,4.518492076389664e-27,0,0
33,2.35373955983738,0.0736130349232357,-2.280126524914145,0.9999999999999956,3.499422026474212e-16,1.777584629605087e-15,0,0
34,0.9466491261183934,0.1421700585728399,-0.8044790675455534,0.9996091353928026,8.907647532842781e-05,0.0004525178098483199,0,0
35,0.6868410453489037,0.1338624237135353,-0.5529786216353684,0.995634913113112,0.001062717338744486,0.005403977216340524,0,0
36,2.643109867086557,0.3367633665108238,-2.306346500575733,0.9999999706733905,3.493066454521383e-09,1.774356226388497e-08,0,0
37,1.148732826740631,0.4926333478658989,-0.6560994788747319,0.9944203319843767,0.002260800363811757,0.01151010126023963,0,0
38,2.814814828200385,0.0768591478582982,-2.737955680342087,1,3.038078534506842e-27,1.543238187796869e-26,0,0
39,2.81477622841969,0.007050301954648104,-2.807725926465042,1,6.364298280610983e-26,3.232842085421312e-25,0,0
40,2.817804022513185,0.3554352334765239,-2.462368789036661,1,6.001113925161593e-31,3.048357069588477e-30,0,0
41,1.010221718868468,1.225865785381177,0.2156440665127091,0.01188999700744118,0.4242492625970153,3.743006303854156,0,0
42,1.228013385425721,0.01181801218236123,-1.216195373243359,0.9999999999999862,1.239087623034751e-15,6.294133993491653e-15,0,0
43,2.054332148508243,0.4295311133183555,-1.624801035189887,0.9999730392319611,6.473600524946923e-06,3.288385110143464e-05,0,0
44,1.168967881171356,0.08721686360282287,-1.081751017568533,0.9999995809395333,6.00907280811465e-08,3.052400088626031e-07,0,0
45,1.215657740803386,0.2088387838372346,-1.006818956966152,0.9999994558209495,1.082502458674402e-07,5.498736436449529e-07,0,0
46,1.52131325350868,0.402124725622829,-1.119188527885851,0.9999946662188117,8.607085274000588e-07,4.372103605028132e-06,0,0
47,0.8658442726202594,1.189149984470923,0.3233057118506634,0.01593742930230045,0.6823825952456006,10.91333819211778,0,0
48,1.09321648878332,0.3668224112498881,-0.7263940775334319,0.9979123187323694,0.0006881211799089176,0.003497823093332475,0,0
49,2.813370339845664,2.81481478708884,0.00144444724317605,1.741582195839491e-08,0.0009092393049836855,0.004622822558084844,0,0
50,0.8072207415060707,0.718518237686339,-0.08870250381973166,0.5266372831800945,0.3566432255554604,2.815892466462123,0,0
51,1.179531973787679,0.07436374335056836,-1.10516823043711,0.9999999545946757,4.516797888956417e-09,2.294376179256219e-08,0,0
52,2.102004984274706,0.01107466019257537,-2.09093032408213,0.9999999999999994,5.281678503300137e-17,2.682908907515019e-16,0,0
53,2.810882730214296,0.07371051099211691,-2.73717221922218,1,1.2541266543301e-19,6.370527039750477e-19,0,0
54,1.123410536643109,0.07592988524795351,-1.047480651395156,0.9999996741215881,3.979827524929688e-08,2.021613987917363e-07,0,0
55,2.79536871490085,0.07489666761923211,-2.720472047281618,1,1.186806604237182e-18,6.028564608800176e-18,0,0
56,1.22182927833658,0.07771661724788745,-1.144112661088693,0.9999999998737719,1.374015087361257e-11,6.979518565336488e-11,0,0
57,3.053471270548275,0.009580343293891755,-3.043890927254383,1,6.66021655298591e-43,3.383158271526748e-42,0,0
58,1.609199129297192,0.1752453526257665,-1.433953776671426,0.9999971609146342,2.515228350657161e-09,1.277648489806617e-08,0,0
59,2.812031304295874,0.5763006701873961,-2.235730634108478,0.9999989258819684,2.524318728112055e-09,1.282266085283903e-08,0,0
60,1.224116583407832,0.3913406316550174,-0.8327759517528146,0.999746954262477,2.384785258820757e-05,0.0001211416824302487,0,0
61,2.422085794151505,1.213895197542016,-1.208190596609489,0.761888193857112,0.001531955189106711,0.007793738986881503,0,0
62,1.225567875672114,0.7613551271826767,-0.4642127484894368,0.9068964528128091,0.002308330989931539,0.01175264726176392,0,0
63,1.033094368359669,0.5510561416712421,-0.4820382266884267,0.9365216570893623,0.03531448294701552,0.1859520877864847,0,0
64,1.778824036656717,1.08916214839451,-0.6896618882622074,0.5624522531389172,0.05149445819549246,0.2757748046609438,0,0
65,1.035324586023147,0.8024698289922491,-0.2328547570308975,0.7020229395195475,0.1641653237666421,0.9976885959820035,0,0
66,1.127347358871513,1.223386788357476,0.096039429485963,0.00563592559062775,0.2414005052556098,1.616440007730167,0,0
67,1.065315320935545,0.1831352117575341,-0.8821801091780105,0.994913918537317,0.002007662728949475,0.01021874390269133,0,0
68,2.814677141095219,0.01084156605642511,-2.803835575038794,1,3.795039047897021e-23,1.927747790708655e-22,0,0
69,1.135709320514883,2.814815739248087,1.679106418733204,8.603317081961518e-27,0.9999103830664801,56676.75332032351,0,0
70,2.814812444014147,0.9086698475131157,-1.906142596501031,0.9999995044379856,1.579893299486253e-10,8.025308250277199e-10,0,0
71,2.794154868753523,0.09207428780043475,-2.702080580953088,0.9999999999999936,4.929023943126484e-16,2.503772661305693e-15,0,0
72,2.814758166272243,0.5145367131032321,-2.30022145316901,0.999999998128327,3.220345036261952e-12,1.635823228863391e-11,0,0
73,2.810738152965977,1.214180154724501,-1.596557998241477,0.9971951656916769,2.484483352892401e-06,1.262034232981416e-05,0,0
74,1.217597805566643,1.13667098393111,-0.08092682163553344,0.2364307151859712,0.02002851425956556,0.1038171876867222,0,0
75,1.025629678300545,0.5053884047715319,-0.5202412735290128,0.964232514911085,0.01765510265346269,0.0912935759704107,0,0
76,0.6452937747856745,0.07742624344876757,-0.5678675313369069,0.9994373780156743,5.88629359704084e-05,0.0002990208350435597,0,0
77,2.814814173395653,0.0070407552955839,-2.807773418100069,1,7.36446946487629e-29,3.74089424679929e-28,0,0
78,2.631052899483311,2.812837061422557,0.1817841619392464,0.0009154863431420705,0.1150974231683712,0.6606996947364914,0,0
79,1.403151896192975,0.4721694672297946,-0.93098242896318,0.9999496835427625,7.831529592227834e-06,3.978175695677182e-05,0,0
80,1.179524271004124,0.07529554820363758,-1.104228722800486,0.9999999870036365,1.473916358492595e-09,7.486982273702397e-09,0,0
81,1.254102900857539,0.2100523659924877,-1.044050534865051,0.9999997644798585,4.239706277925164e-08,2.153623362997454e-07,0,0
82,1.277885626501953,0.4458658191493759,-0.8320198073525769,0.9987341062753491,2.971712533139209e-06,1.509531054151205e-05,0,0
83,1.741511744187724,0.6308581160215945,-1.110653628166129,0.975803271170801,0.01373332797414818,0.07073191224622107,0,0
84,1.077165829450903,0.0749618271116323,-1.00220400233927,0.9999994995698668,4.818683482314138e-08,2.447723664377145e-07,0,0
85,1.248230334596582,0.1121871829470692,-1.136043151649512,0.9999999995290922,5.323816754090132e-11,2.704313672890526e-10,0,0
86,0.7431035631582215,0.266846490176859,-0.4762570729813625,0.9823662092877041,0.00812224586938671,0.04159603617310809,0,0
87,1.214065188084795,0.09080013055485081,-1.123265057529945,0.9999996665461669,7.598258332158775e-08,3.859651150131486e-07,0,0
88,2.814599867373691,0.006870630841798598,-2.807729236531893,1,3.463630924101745e-25,1.759403994925245e-24,0,0
89,2.8048071543502,0.07316166062678682,-2.731645493723414,1,8.229461083466427e-20,4.180279892288935e-19,0,0
90,1.524983745345455,0.07368392659034778,-1.451299818755107,0.9999999999999597,3.270209258497414e-15,1.661152518764403e-14,0,0
91,1.215243461096501,1.215209525350176,-3.39357463252643e-05,0.03550285578442313,0.03789221290838535,0.2000599723203659,0,0
92,1.14742574133939,0.01114562840739288,-1.136280112931997,0.9999999976506181,2.139392812631467e-10,1.086737110432632e-09,0,0
93,2.393366968122656,0.354221355050434,-2.039145613072222,0.9999998736192799,1.886919918406513e-08,9.584896826304898e-08,0,0
94,1.595554458411232,1.227218972929578,-0.3683354854816547,0.2330414856718358,0.00375290536540821,0.01913526630373151,0,0
95,2.734207060119436,1.106826714370761,-1.627380345748675,0.9618400316528494,0.0001621944834614385,0.0008240251939341343,0,0
96,1.180138090282073,0.6141312881721336,-0.5660068021099397,0.9650403192487276,0.01179380187741256,0.0606233902231131,0,0
97,2.81449713662158,0.4001369472245008,-2.414360189397079,0.9999999997233183,1.917408102460864e-12,9.739766012318489e-12,0,0
98,1.229619067962837,0.7730062710194818,-0.4566127969433555,0.8965606868219598,0.002670895033429042,0.01360355110841411,0,0
99,1.185434635258695,1.150123449246841,-0.03531118601185446,0.1811413259784282,0.09765326760760196,0.5497272876329372,0,0
100,2.058455935375818,0.03314581125950023,-2.025310124116317,0.9915758576758399,0.00279172824540142,0.01422070847863363,0,0
101,1.227428278918812,0.2804741814606312,-0.9469540974581812,0.9999988909266383,2.075318163524611e-07,1.054189636662549e-06,0,0
102,1.204126929658021,0.09128469458580181,-1.11284223507222,0.9999999532418533,7.339741979829262e-09,3.728333572135261e-08,0,0
103,1.14258869841472,0.08635794680105151,-1.056230751613668,0.9999976468408035,4.510905964298794e-07,2.29138430979406e-06,0,0
104,0.7995295383209978,0.9638297555214502,0.1643002172004524,0.1800753852450597,0.6472834496760265,9.321861148183782,0,0
105,1.460632210021454,0.009863584101128779,-1.450768625920326,0.9999999999994801,3.93684380987876e-14,1.999779675801918e-13,0,0
106,2.814814826681882,0.01732702753582366,-2.797487799146058,1,5.605585890116795e-29,2.847442589895979e-28,0,0
107,1.090755618644886,1.108200701153812,0.01744508250892629,0.2004676735725064,0.2527819052056963,1.718432856170751,0,0
108,1.17217627024439,1.140157905703355,-0.03201836454103457,0.1953231677960234,0.1134503152329662,0.6500347776030115,0,0
109,2.470872455446844,0.2919473603729591,-2.178925095073885,0.9999999992949828,5.703358632376989e-11,2.897107741197946e-10,0,0
110,0.6629640322723026,1.268041751836271,0.6050777195639684,0.0002180071702590978,0.9258200589654457,63.39778249485278,0,0
111,1.021423144032368,0.1441028281095335,-0.8773203159228349,0.999947641732706,8.880534193461143e-06,4.511042439017629e-05,0,0
112,1.19546026069141,0.6403009380154665,-0.555159322675943,0.9866053953665805,0.003766546168858657,0.01920508081904325,0,0
113,1.190123550008458,0.0113097533230323,-1.178813796685426,0.9999999998224424,1.587260775059589e-11,8.06273246159028e-11,0,0
114,1.114082093752869,0.01812685020201373,-1.095955243550855,0.9999999489035716,7.960260917531873e-09,4.043535606805728e-08,0,0
115,1.393012872723737,0.009602927230314525,-1.383409945493422,0.9999999999999983,1.191276955859292e-16,6.051272439614167e-16,0,0
116,1.216517060911887,0.01851834510096036,-1.197998715810927,0.9999999997838376,3.306061100354714e-11,1.67936400704467e-10,0,0
117,0.9820377894431113,0.2921990629221018,-0.6898387265210095,0.9962431127232593,0.001237657347935403,0.006294659325007119,0,0
118,2.814629793978331,0.07700100320310005,-2.737628790775231,1,3.953529070929323e-21,2.008255207864004e-20,0,0
119,2.814814817103164,0.5614355110783003,-2.253379306024864,0.999999999999999,5.018437438442236e-21,2.549191605848567e-20,0,0
120,1.07466667672976,0.6897428568704452,-0.3849238198593149,0.8748848226618403,0.07077179294846352,0.3868759911931064,0,0
121,0.8240299279506674,0.6316654578093727,-0.1923644701412948,0.6735922594917224,0.2333614023202696,1.546223645629424,0,0
122,1.861121684739444,1.210642638524372,-0.6504790462150727,0.4300989026104605,0.002403607574924048,0.01223890769408543,0,0
123,1.215654366708021,0.08110197205198505,-1.134552394656036,0.9999999985802831,2.042236558252426e-10,1.037385113668639e-09,0,0
124,1.200033550092175,0.0755608113104994,-1.124472738781676,0.9999999965651802,4.190321227615339e-10,2.128537385341585e-09,0,0
125,2.814739776594002,0.1504408122049395,-2.664298964389063,0.9999999999999998,5.89858805509862e-19,2.996277494909555e-18,0,0
126,0.9056285288803678,0.08258717245861623,-0.8230413564217516,0.9999352978045143,1.262988835364221e-05,6.415624864498144e-05,0,0
127,1.199743690563251,0.3894544129067422,-0.810289277656509,0.9990932682414059,0.0001650144695131465,0.000838354430154044,0,0
128,0.9522443419761006,1.216954100575846,0.2647097585997458,0.005252695704414079,0.5786960496839519,6.977324986173165,0,0
129,1.160131967910261,0.09461434087738603,-1.065517627032875,0.9999998470408158,1.808528432197279e-08,9.186695337394043e-08,0,0
130,1.213484802246019,0.5758022917431498,-0.637682510502869,0.9944930695277597,0.001292623290092904,0.006574575003573229,0,0
131,2.814814817575745,0.3403334791566003,-2.474481338419145,1,9.46761339789919e-23,4.809218187411672e-22,0,0
132,2.227644113242511,0.006715618625415041,-2.220928494617096,1,2.186023409746731e-20,1.110423831056985e-19,0,0
133,1.138863731061957,0.08821508044377308,-1.050648650618184,0.999998567560637,2.136087511894225e-07,1.085058364209115e-06,0,0
134,1.192706537263028,0.2499310340896646,-0.9427755031733636,0.9998887831303167,2.587266975709647e-05,0.0001314275605406855,0,0
135,2.810472957884045,0.223996391035669,-2.586476566848376,0.9999999999993002,1.53014225662405e-14,7.772590261782874e-14,0,0
136,2.07679546138209,0.01584920665610351,-2.060946254725986,0.999999999999849,1.942626081974679e-14,9.867864573817659e-14,0,0
137,1.13488076851614,1.227857497869238,0.09297672935309853,0.001257813508414968,0.2347273089379782,1.558049923473144,0,0
138,0.8007876268643691,1.227961798885929,0.4271741720215595,0.0004024568180358504,0.7746267985444507,17.45919472871413,0,0
139,2.756386733881794,0.008923482314203,-2.747463251567591,1,4.506584718646205e-18,2.289188233735229e-17,0,0
140,2.814799656291884,1.227073912398826,-1.587725743893057,0.999679664725614,4.196925732747861e-09,2.131892252205422e-08,0,0
141,0.6865640122087976,0.08286640333177679,-0.6036976088770208,0.9996455776986635,6.242279246864284e-05,0.0003171058608174911,0,0
142,1.029454346161674,0.6658538695640566,-0.3636004765976177,0.8511214900060515,0.08998086228162702,0.5022657802012481,0,0
143,2.01533014054912,0.1007067373257258,-1.914623403223394,0.979639466711711,0.01298147249710551,0.06680863797278505,0,0
144,1.510521683144166,1.226957112610457,-0.2835645705337086,0.1808193667853127,0.007229352484385548,0.03699000903377617,0,0
145,2.81482015010742,0.08651888322631061,-2.728301266881109,1,1.468743095746037e-27,7.460703887913837e-27,0,0
146,1.207453243283348,0.4154059997473217,-0.792047243536026,0.9998951735201063,2.674017660881104e-05,0.0001358344253593498,0,0
147,2.797822846495278,0.6388272070980184,-2.15899563939726,0.9999139461176323,4.372022845963737e-07,2.220836455349783e-06,0,0
148,1.208573702600483,0.08290475431779626,-1.125668948282687,0.9999995163411821,1.194456549729669e-07,6.067424394886605e-07,0,0
149,2.814790302494376,0.3079152274565612,-2.506875075037815,0.9999999999998368,4.388404048488944e-16,2.229156565305791e-15,0,0
150,2.814815923010664,0.007047029572523869,-2.80776889343814,1,9.166113714492239e-32,4.656066838703104e-31,0,0
151,1.129166340234834,1.227563156322403,0.09839681608756856,0.001229867033952785,0.2449419973000928,1.647847074064863,0,0
152,1.266951612061065,0.007928205837472382,-1.259023406223593,0.999999999999978,1.275840254162327e-15,6.48082457180909e-15,0,0
153,0.7637172958142994,0.5873292752161149,-0.1763880205981845,0.6832653910816257,0.2184781080879798,1.420040542310806,0,0
154,1.384996775050576,0.4610021268980641,-0.923994648152512,0.999977295364365,3.786858271041304e-06,1.923599525108903e-05,0,0
155,1.156455197583391,0.01183714744913961,-1.144618050134252,0.9999999989493631,1.004288179625616e-10,5.101434518243893e-10,0,0
156,0.7631747730967334,2.814549527013848,2.051374753917114,9.351798639847829e-07,0.9922281424863718,648.5159714300341,0,0
157,2.791134650433202,0.1988204031363444,-2.592314247296858,0.9999999999995537,1.844843013255777e-14,9.371160607633072e-14,0,0
158,2.81479853106861,2.814814814814791,1.628374618167783e-05,1.562011076932677e-09,1.025592205260781e-05,5.209704985705701e-05,0,0
159,1.601850229863543,0.3924833862502511,-1.209366843613292,0.9999934283557875,7.698151941409804e-07,3.910396344921797e-06,0,0
160,1.185420141194903,1.227891807081509,0.04247166588660622,0.001204455253835059,0.1207956974725257,0.6979039017578391,0,0
161,1.9427679462061,1.012514210152061,-0.9302537360540388,0.7230104728746888,0.003436792545191471,0.01751791576491512,0,0
162,1.241822436776027,0.3752386467940196,-0.8665837899820072,0.9999742590007803,6.156545847810435e-06,3.127330331705975e-05,0,0
163,1.252910399813867,0.0158447918814435,-1.237065607932423,0.999999999998783,1.530530976033289e-13,7.774564821130788e-13,0,0
164,1.741195174732076,0.01623739573044895,-1.724957779001627,0.9999999999995673,5.682115832516161e-14,2.886317137831345e-13,0,0
165,1.20650467074798,0.2111597833377954,-0.9953448874101847,0.9999989796176864,1.71675370885899e-07,8.720513006136225e-07,0,0
166,2.805772751431246,0.694090271858261,-2.111682479572985,0.9998877541641162,6.555896389696777e-07,3.330169441544647e-06,0,0
167,2.814381620257226,0.02828934871414498,-2.786092271543081,0.9999999999998067,1.033151438476313e-16,5.248049829932149e-16,0,0
168,1.210759700271165,0.01225216240597978,-1.198507537865185,0.9999999999742061,2.459809188079432e-12,1.249497480276074e-11,0,0
169,2.058455935375818,0.03314581125950023,-2.025310124116317,0.9915758576758399,0.00279172824540142,0.01422070847863363,0,0
170,1.244078785690622,0.03172444294843269,-1.212354342742189,0.9999999990652533,7.665235159788718e-12,3.893672754921082e-11,0,0
171,0.97976175795243,0.1132834609279629,-0.8664782970244671,0.9999726161898423,4.718674141005707e-06,2.396933591145241e-05,0,0
172,2.814815006876703,0.3713588114725654,-2.443456195404138,0.9999999999999997,2.40317215233646e-20,1.22072783676003e-19,0,0
173,2.583458132030774,1.254593305632498,-1.328864826398275,0.8368490344324664,0.001535877277062162,0.007813723089892742,0,0
174,1.214276183956402,0.8555017533902907,-0.3587744305661114,0.784982437168945,0.01207580175197205,0.06209066578328882,0,0
175,0.887966297329918,0.4019377041453143,-0.4860285931846037,0.9617523701170493,0.01855887109277152,0.09605528538635077,0,0
176,1.289171267396513,2.814254221867639,1.525082954471127,7.220195904998744e-06,0.947165645482729,91.06332354421335,0,0
177,2.814809647839894,0.1422271041883778,-2.672582543651516,0.9999999999999926,6.80071312025966e-18,3.454525639225957e-17,0,0
178,1.05645189396763,0.1635269647098092,-0.8929249292578212,0.9998939861946455,2.224974250831672e-05,0.0001130234650491901,0,0
179,1.205293799278792,0.1829559181370677,-1.022337881141724,0.9999994491105795,8.858683468370486e-08,4.499903369117227e-07,0,0
180,2.814747171099623,0.5906041829490062,-2.224142988150617,0.9999989643458094,8.077109762143833e-11,4.102890722341851e-10,0,0
181,2.814814781804107,0.0837254683538883,-2.731089313450219,1,4.509372522852716e-25,2.290604341272518e-24,0,0
182,2.814812861538248,0.5295928815608562,-2.285219979977392,0.999999999855674,1.810850528047865e-14,9.198490610214828e-14,0,0
183,2.813989696723752,0.172915980459548,-2.641073716264204,0.999999999999979,5.700637985503744e-16,2.895725747084035e-15,0,0
184,1.486615758215754,0.4728131205538642,-1.01380263766189,0.8221295175417725,0.1516303840245122,0.9078938915908394,0,0
185,1.199531122204718,0.5644557908912848,-0.6350753313134336,0.9966847232236061,0.001171680275685928,0.005958709825627013,0,0
186,0.4436847541835546,0.006784683785146769,-0.4369000703984078,0.999642518042883,2.848903790927472e-05,0.0001447185229170995,0,0
187,1.221233327776364,1.170762515053688,-0.05047081272267562,0.1589135370517864,0.028655121199763,0.1498520747168695,0,0
188,1.950585397969788,0.7310281457797879,-1.21955725219,0.9719273848170495,0.001497464723200663,0.007618007459333431,0,0
189,2.501194187725362,1.231006677189494,-1.270187510535868,0.8004443893849555,0.002515154136493374,0.01280832278984706,0,0
190,1.124758747930146,0.1368274198158439,-0.9879313281143018,0.999957254490179,1.065974436441997e-05,5.414836959852211e-05,0,0
191,0.6363686663056178,0.2839217838784632,-0.3524468824271546,0.9404419461108722,0.02545152282627687,0.1326613127139654,0,0
192,1.192871507927566,0.0123492960745658,-1.180522211853001,0.9999999989541494,1.048223983066599e-10,5.324613112626692e-10,0,0
193,1.218143459356123,0.1766774274124524,-1.041466031943671,0.9999904840426143,1.133062102561717e-06,5.755567761712926e-06,0,0
194,0.6068855737876339,0.1028140418379441,-0.5040715319496898,0.9956864248165114,0.001170368510825355,0.005952030883304396,0,0
195,1.147636690471092,0.4218757702807245,-0.7257609201903672,0.9975189549983674,0.0009377317651991635,0.004767822028432306,0,0
196,2.058455935375818,0.03314581125950023,-2.025310124116317,0.9915758576758399,0.00279172824540142,0.01422070847863363,0,0
197,2.304088948608952,0.006673831012582181,-2.29741511759637,1,1.221254017720512e-20,6.20354548356855e-20,0,0
198,2.79964660868929,0.6363427183990293,-2.16330389029026,0.9999501551939476,1.502251468363e-07,7.630915908168972e-07,0,0
199,2.580102813447549,0.08173468535961087,-2.498368128087938,0.9999999999999095,8.525411587050893e-15,4.330612450727393e-14,0,0
200,2.814745002341736,0.08141620428577326,-2.733328798055963,1,1.094295509364023e-20,5.55864043540703e-20,0,0
201,2.814814813373266,0.008575393682432991,-2.806239419690833,1,5.14946191170962e-33,2.615747479367163e-32,0,0
202,2.814814800692965,0.648320376428073,-2.166494424264892,0.9999999999605804,2.86941782299583e-15,1.457564414776047e-14,0,0
203,6.916253682312555,0.3660529373417825,-6.550200744970772,1,2.211404896715026e-37,1.123316743306503e-36,0,0
204,0.5695750148912772,1.059963787660084,0.4903887727688069,0.01425181480193644,0.9511642319365897,98.9353406152832,0,0
205,1.465417506211343,0.6539368963137273,-0.8114806098976155,0.9904687860745454,0.0001425749598464157,0.0007243344600562096,0,0
206,1.212690580984,0.09388692816354609,-1.118803652820454,0.9999999940053965,7.026162003318475e-10,3.569045829997618e-09,0,0
207,0.8304060311211068,0.02247137572517476,-0.807934655395932,0.9999183185063363,1.827398039816595e-05,9.28271584458085e-05,0,0
208,1.200322764196379,1.269194713793246,0.0688719495968666,0.001144399750257771,0.1072177399965592,0.6100354341132719,0,0
209,1.968369632419603,2.814814814784516,0.8464451823649137,4.621751409671076e-12,0.5314635147006211,5.761877293483937,0,0
210,1.226145445612277,0.1153308999482422,-1.110814545664034,0.9999996963576977,2.027166968459528e-09,1.029730288264838e-08,0,0
211,0.6210322491387795,0.130230517845688,-0.4908017312930915,0.9871765730444434,0.004353202392949945,0.02220943565953893,0,0
212,1.239918084418101,0.1854006408461581,-1.054517443571943,0.9999999795779654,2.897847667842406e-09,1.472005791027981e-08,0,0
213,1.227006551173009,1.2350859589879,0.008079407814891137,0.01840487543791902,0.06338977783878685,0.343790840405256,0,0
214,1.19494640731868,2.814814814568742,1.619868407250062,2.791361294770894e-13,0.9953867885660518,1096.030091123718,0,0
215,1.137183214196935,1.162010229536564,0.02482701533962861,0.1222160586526626,0.1903975158602807,1.194602477248191,0,0
216,2.150799449119322,0.07909712400014175,-2.07170232511918,0.9999999999996677,2.80653156364823e-14,1.42562038310915e-13,0,0
217,2.118230415831995,0.4497444844538131,-1.668485931378182,0.9999886373230593,2.36190842030434e-06,1.199770130376426e-05,0,0
218,0.9852957907695901,0.5911253412861942,-0.3941704494833959,0.8985594015609437,0.05639429087033525,0.3035837668916243,0,0
219,1.216616943360325,0.2772604899909108,-0.9393564533694141,0.9999932332282029,1.52060097383118e-06,7.724135610343046e-06,0,0
220,2.813052656326077,0.338916390589953,-2.474136265736124,0.9999999999159963,2.049530393021982e-12,1.041090127738173e-11,0,0
221,2.81308603405048,0.113203160615632,-2.699882873434848,0.9999999999999657,7.798138623160644e-16,3.961183090004847e-15,0,0
222,1.138463587128178,0.01065910798608806,-1.12780447914209,0.9999999996521152,2.948954062100643e-11,1.497966056879879e-10,0,0
223,1.071062508319542,1.071710297524824,0.0006477892052818568,0.2524048016452383,0.2636141663975903,1.818432921390461,0,0
224,2.567506392341449,1.146456606887798,-1.421049785453651,0.8740233457227602,0.001062832384029194,0.00540456285049071,0,0
225,1.153093282940568,0.4443706168868654,-0.7087226660537026,0.9981321235608402,0.0006363198282570651,0.00323434140025479,0,0
226,1.453472944348082,0.0241529068253811,-1.4293200375227,0.9999999993742893,1.301512247327635e-10,6.611229365566032e-10,0,0
227,1.312721732509319,0.09754654081004246,-1.215175191699277,0.9999997342485587,6.779785779279176e-08,3.443895511648216e-07,0,0
228,1.154659838656326,1.225712009142736,0.07105217048640977,0.002106999025841021,0.194980573539574,1.230322448072645,0,0
229,2.814814340398742,0.6551182411043741,-2.159696099294368,0.9999999967504711,7.542275712987407e-13,3.831213634203566e-12,0,0
230,2.814729309452468,2.814315548625928,-0.0004137608265395443,0.0003143536996011306,5.379090970714051e-05,0.000273253803727218,0,0
231,2.760440537682419,0.1159631595316213,-2.644477378150797,0.999999999999718,2.563160985491555e-14,1.301996597307784e-13,0,0
232,2.814812801335275,0.7114182330900788,-2.103394568245196,0.9999999408542419,1.930894299806878e-11,9.808271202582688e-11,0,0
233,2.814814619328043,0.5290688282138714,-2.285745791114171,0.9999999999618828,2.940537684179828e-15,1.493690829693683e-14,0,0
234,2.814806738512967,0.007037155441234243,-2.807769583071733,1,4.443711475471122e-27,2.257250813831047e-26,0,0
235,2.483023580767604,1.211964786238173,-1.271058794529431,0.7995615398676461,0.0007805189452109634,0.003967861656977715,0,0
236,2.810943573183601,0.08958023771609022,-2.721363335467511,0.9999999999999988,1.027251022621442e-16,5.218077770396178e-16,0,0
237,1.115084689533787,0.1268035631965787,-0.9882811263372084,0.9999963805803049,5.645597409370203e-07,2.867768668531739e-06,0,0
238,1.86960821026423,0.3741812491043951,-1.495426961159835,0.9999961199461075,8.334549384067308e-07,4.233664621091894e-06,0,0
239,1.515532489252215,0.6067819034383451,-0.9087505858138695,0.9752351715971911,0.01406413584568235,0.07246000392082734,0,0
240,1.252608846820713,0.07362083967640844,-1.178988007144305,0.999999999999981,1.455026658319003e-15,7.391029158319142e-15,0,0
241,2.814120614890462,0.466591696805839,-2.347528918084623,0.999999997265087,2.567681136120654e-11,1.30429267658547e-10,0,0
242,2.814811302649995,0.2225750014901067,-2.592236301159888,0.9999999999999922,2.158336641557547e-18,1.096359916157838e-17,0,0
243,2.556263496577993,0.09292911531856302,-2.46333438125943,0.9999999999995741,4.056201801849367e-14,2.060409382748485e-13,0,0
244,1.112245630334179,0.007154800717833237,-1.105090829616345,0.9999999994967763,2.903546711786805e-11,1.474900702834823e-10,0,0
245,2.574454872501591,0.0798711329667517,-2.49458373953484,0.9999999999996397,3.405473580782913e-14,1.729862088061792e-13,0,0
246,0.3180763054942858,0.4566156625854854,0.1385393570911996,0.2531167357644159,0.696616601260163,11.66369012418213,0,0
247,0.7726764803648862,0.07545360723058618,-0.6972228731343001,0.9999816890171932,1.432233944338315e-06,7.275260521731339e-06,0,0
248,1.340212332449755,0.3653374675135492,-0.9748748649362058,0.9999963789746056,3.191939142309923e-07,1.621394540632179e-06,0,0
249,1.208597695095631,0.1933627298744939,-1.015234965221137,0.9999942370711484,1.4814515559708e-06,7.525269592361693e-06,0,0
250,2.058455935375818,0.03314581125950023,-2.025310124116317,0.9915758576758399,0.00279172824540142,0.01422070847863363,0,0
251,1.064271020056622,0.07579110238450963,-0.9884799176721121,0.9999990506340817,1.057586443097073e-07,5.372171719577097e-07,0,0
252,1.476611957595487,0.4063931449592073,-1.070218812636279,0.993716224169614,0.00306977262565285,0.01564139235132916,0,0
253,1.418539202022986,0.07445015486655072,-1.344089047156435,0.9999999999976955,2.352574808406199e-13,1.195026146541514e-12,0,0
254,2.055575708770861,0.5424020356677783,-1.513173673103083,0.9996991491228392,5.677081809612057e-05,0.0002883923752061793,0,0
255,2.815868897382265,0.4386445996258544,-2.377224297756411,1,3.33610737435585e-28,1.694626468743479e-27,0,0
256,2.814811215357214,0.08656899520542134,-2.728242220151793,1,1.398858327341099e-22,7.105713580313554e-22,0,0
257,0.567602895125116,0.006007899108762744,-0.5615949960163532,0.9999864197627065,8.722859459536756e-07,4.430912964918188e-06,0,0
258,1.416252640821422,1.214513614313055,-0.2017390265083672,0.1772814600136606,0.131610548052222,0.7698571069385538,0,0
259,1.194377571288212,0.1500158482373635,-1.044361723050848,0.9999987436130088,2.462400465583666e-07,1.25081406708405e-06,0,0
260,1.22682180282311,0.1181854414674329,-1.108636361355678,0.9999994863242174,8.03248319583012e-09,4.080222011846318e-08,0,0
261,1.209143174023131,0.2427772551955883,-0.9663659188275431,0.9999951519463262,1.120885250618808e-06,5.693713451273721e-06,0,0
262,1.2254695882209,0.07449540927395584,-1.150974178946944,0.9999999999801233,2.007912812273538e-12,1.019949844771326e-11,0,0
263,1.195267975001687,0.1715767697719125,-1.023691205229774,0.9999995575829103,6.385310672583594e-08,3.243515856541068e-07,0,0
264,1.199872593455023,0.1313385535682935,-1.068534039886729,0.9999995543444268,7.475176603712273e-08,3.797129905195772e-07,0,0
265,2.814655971328369,0.006397511553939662,-2.80825845977443,1,8.443768008623122e-27,4.289140353614969e-26,0,0
266,1.247380136578381,0.01228628883739436,-1.235093847740987,0.999999999998908,1.032109096293421e-13,5.242755094318977e-13,0,0
267,1.217305521234532,0.0895057536750978,-1.127799767559434,0.9999998480931276,3.069779188083775e-08,1.559341064681097e-07,0,0
268,1.124696761102481,0.2818879478713608,-0.8428088132311206,0.9995954991931467,0.0001220485576562294,0.0006200398819591139,0,0
269,1.211468359468944,0.008460121061830394,-1.203008238407114,0.999999999999337,4.168636964747463e-14,2.117522533401019e-13,0,0
270,1.135754146017587,0.009373808525620229,-1.126380337491967,0.9999999994045226,4.487300006216517e-11,2.279392270920772e-10,0,0
271,2.814394562103329,0.0907014528010881,-2.723693109302241,1,9.145469780607846e-20,4.645580438580495e-19,0,0
272,1.257580894342799,0.007235258861158089,-1.250345635481641,0.999999999999999,5.92501641977335e-17,3.009702184608594e-16,0,0
273,1.177416121369971,0.07882633258368757,-1.098589788786284,0.9999998558082113,2.573591349529028e-08,1.307294892966285e-07,0,0
274,1.124115719472055,0.07796004236560863,-1.046155677106446,0.9999995328666935,7.21055228779583e-08,3.662709940380243e-07,0,0
275,1.151882971660301,0.616854051691012,-0.5350289199692894,0.9678276458563685,0.01579940818712607,0.0815438407262317,0,0
276,0.6664262440181263,1.036085780987794,0.369659536969668,0.0828305882566434,0.7441886597228534,14.77737246623206,0,0
277,2.760249437490832,7.124999991063118,4.364750553572286,4.110837939984841e-26,0.99999999804058,2592426407.818305,0,0
278,0.8394967276929085,1.968901625408774,1.129404897715866,2.26098959946261e-05,0.8212650242001763,23.34037057424102,0,0
279,2.814814814635108,0.5325020880505886,-2.282312726584519,0.9999999999999972,3.574127431403648e-20,1.815532375989019e-19,0,0
280,1.211800566167325,1.175184801823455,-0.03661576434386937,0.1396965725400039,0.07051902939514346,0.385389420625712,0,0
281,1.093648441556166,0.3406440756038532,-0.7530043659523129,0.9988184062248093,0.000349411718393772,0.001775510338293015,0,0
282,1.044975813875442,0.0172432260322961,-1.027732587843146,0.9999996578248429,5.255962367861103e-08,2.669846145812325e-07,0,0
283,0.3324964997989,0.4053144302811122,0.07281793048221219,0.3062844381752216,0.6374749194964664,8.932211756999958,0,0
284,2.617870817044675,0.3279613152127621,-2.289909501831912,0.8962925464690464,0.08463427807733301,0.4696622065423742,0,0
285,2.690446717574148,0.8042839050647496,-1.886162812509398,0.988670885073547,0.0001096407197150772,0.000556997777098892,0,0
286,1.143179210594915,0.08835766369409413,-1.054821546900821,0.9999965763373737,7.077971034599885e-07,3.595365557512677e-06,0,0
287,1.190454161119459,0.4339412891231356,-0.756512871996323,0.99938733746825,0.0001985251381216428,0.001008638866450552,0,0
288,1.020991276619187,0.6683720991423854,-0.3526191774768017,0.845921984164844,0.09409832324049257,0.5276364460925117,0,0
289,1.13426894042172,0.6684354609356531,-0.4658334794860668,0.9476302862839241,0.02310392945635053,0.1201355255004359,0,0
290,1.037315427581889,0.245888393630068,-0.7914270339518212,0.9991023318227481,0.0002703523294038932,0.001373667140356617,0,0
291,1.211830610725653,0.5116436068553851,-0.7001870038702682,0.9997405271019614,6.45454258460942e-05,0.0003278894689521647,0,0
292,2.814371921368178,1.20376630475322,-1.610605616614957,0.9997370762947243,4.07557466358346e-07,2.070250966190928e-06,0,0
293,1.214171650557703,0.0121934465525057,-1.201978204005197,0.9999999999949167,4.766987502441236e-13,2.421463787378823e-12,0,0
294,2.812873141195348,1.096655854457439,-1.716217286737909,0.9991077715136956,7.265310870214918e-07,3.690527812145666e-06,0,0
295,1.615638382043701,0.6653054705388014,-0.9503329115049001,0.9870950717268449,0.0002386774149654752,0.001212687663110889,0,0
296,1.321794304237348,0.6305221967133556,-0.691272107523992,0.992861895506916,0.002036012988555271,0.01036333745561647,0,0
297,0.9115729382026101,0.01093272425455238,-0.9006402139480577,0.9999997849411999,2.136667187802624e-08,1.085352610813591e-07,0,0
298,1.109270809419222,0.09978686867790684,-1.009483940741315,0.9999961549876376,7.181411651600566e-07,3.647909866732915e-06,0,0
299,1.358166343923228,0.1005411588655832,-1.257625185057645,0.9999999998649464,1.671180155091752e-11,8.489013713029735e-11,0,0
300,1.149550013436134,0.0779144955296729,-1.071635517906461,0.9999998254018466,1.970251322257311e-08,1.000819137963836e-07,0,0
301,0.5984766209875511,0.1999885307992151,-0.398488090188336,0.960322945887299,0.01558990701044724,0.08044544014968201,0,0
302,1.186355573521083,0.007858188581796315,-1.178497384939287,0.9999999999653738,2.111684137712225e-12,1.072662067446614e-11,0,0
303,0.9419393947794239,0.07820404670061708,-0.8637353480788068,0.9999959813521639,3.887239688357577e-07,1.97458327557625e-06,0,0
304,2.807206540854036,0.1118015089605479,-2.695405031893488,0.9999999999997996,1.146482494511867e-14,5.823732161876286e-14,0,0
305,1.243445243964615,0.7019555109179364,-0.5414897330466785,0.9774258154699501,0.0007244522863345833,0.003682633438891102,0,0
306,0.8275926350061334,0.264033266597489,-0.5635593684086444,0.9878037514202181,0.004527871493618194,0.02310462652745586,0,0
307,0.7560140352842255,0.9564190457904936,0.2004050105062681,0.1481551045387813,0.7092796577255409,12.39298854824206,0,0
308,1.916648130997018,0.2722934370533074,-1.644354693943711,0.9999994240442784,1.210256894071142e-07,6.147684665826701e-07,0,0
309,1.397789041564547,0.009591780997604452,-1.388197260566943,0.9999999999999878,8.827538162784604e-16,4.484082238925659e-15,0,0
310,1.204076287424232,0.07671211009550978,-1.127364177328722,0.9999999930951153,1.014519084546674e-09,5.153403960189821e-09,0,0
311,0.7070921057251154,0.02120770240940979,-0.6858844033157055,0.9997045007246699,6.47930722630225e-05,0.000329147589301526,0,0
312,1.109341136495582,0.01184988174710809,-1.097491254748474,0.9999999872351778,1.269035964749883e-09,6.446261157277407e-09,0,0
313,2.814811274448718,0.3929611031032559,-2.421850171345462,0.9999999999983563,1.629938145829494e-15,8.279518655692724e-15,0,0
314,1.12169168421071,0.08029897910607102,-1.041392705104639,0.9999995115760468,6.443859715420284e-08,3.273256736946261e-07,0,0
315,2.813588672722181,0.5746662750493053,-2.238922397672876,0.99999980532075,1.714465808562579e-10,8.708889773084528e-10,0,0
316,1.150101723481174,0.8878002197319119,-0.262301503749262,0.6693314232593638,0.0674041600488152,0.3671361865379271,0,0
317,1.206628483095247,0.170093015242918,-1.036535467852329,0.9999993087373714,1.24876789044154e-07,6.34330717587134e-07,0,0
318,2.813091433784941,0.08396637781930014,-2.729125055965641,0.9999999999999811,2.851912867708325e-16,1.448672506562176e-15,0,0
319,1.215132392207632,0.007221201015053043,-1.207911191192579,0.9999999999999764,1.234736440106185e-15,6.272031498176984e-15,0,0
320,1.445840616384645,1.043146954776611,-0.4026936616080334,0.5333896692085661,0.003338701476202581,0.01701625401461535,0,0
321,2.805387568206154,0.01015159843764333,-2.79523596976851,1,5.913619992260625e-20,3.003913195962535e-19,0,0
322,1.216313253635799,0.076742264562068,-1.139570989073731,0.9999999999211965,7.472767243587514e-12,3.795905750270527e-11,0,0
323,2.814727253773464,0.1105252408041413,-2.704202012969323,1,1.72437726686083e-18,8.75923653112672e-18,0,0
324,0.4307061806290539,0.3024545070007842,-0.1282516736282697,0.6470004429493224,0.2328564884635715,1.541862667005679,0,0
325,2.814059820244851,1.122941454063687,-1.691118366181164,0.999631303650825,3.097493399110912e-07,1.573419359084351e-06,0,0
326,2.814814773076877,0.2591848670086227,-2.555629906068254,1,1.032496310671204e-20,5.244722008629145e-20,0,0
327,1.253486855119631,0.6010030684825076,-0.6524837866371231,0.9919953106316459,0.00152445485277788,0.007755523174073554,0,0
328,1.337841934865941,1.226362425413183,-0.1114795094527576,0.0735472163064602,0.01139696318297884,0.05856001380037599,0,0
329,2.557883863822844,0.2215418258814475,-2.336342037941396,0.99999999971184,3.031384865994153e-11,1.539838037140428e-10,0,0
330,2.802510740550813,0.02787858542001227,-2.7746321551308,0.9999999999960004,3.678872402032667e-16,1.868739176543503e-15,0,0
331,0.8030368369880292,0.1591973513631725,-0.6438394856248566,0.9936902328194117,0.002039197598495855,0.01037958029159237,0,0
332,1.23229214945783,0.08991565299838024,-1.142376496459449,0.9999999637089049,3.567816936236007e-10,1.812326864659551e-09,0,0
333,1.21660036712431,0.008466754017780565,-1.208133613106529,0.9999999999989955,6.368812243741574e-14,3.235135021631795e-13,0,0
334,1.176752288570463,0.07478302002748612,-1.101969268542976,0.9999999815348793,1.92629759028009e-09,9.78492153623753e-09,0,0
335,2.814550826709788,0.007015922930688147,-2.8075349037791,1,1.434810507445985e-24,7.288338145946837e-24,0,0
336,2.094773449606561,0.003783972898630329,-2.09098947670793,0.9944523144301822,0.0001699860865313003,0.0008636169770269199,0,0
337,2.814814806478282,0.02109788029478526,-2.793716926183497,1,4.817230275389186e-25,2.446985367874491e-24,0,0
338,1.147180656786462,0.01199842766916992,-1.135182229117292,0.9999999966023612,3.350928788847328e-10,1.702155232175194e-09,0,0
339,2.8147959359015,0.6361510043309317,-2.178644931570568,0.9999999392356647,3.699790833098177e-11,1.879365011752722e-10,0,0
340,1.306879266772979,0.1201827618406217,-1.186696504932358,0.9999999974139235,3.40870394624413e-10,1.731503001908034e-09,0,0
341,2.764218860151453,0.3003415366545097,-2.463877323496943,0.9999999997129201,1.092695776686803e-11,5.550514350082749e-11,0,0
342,1.285996295751114,0.6891473310757192,-0.5968489646753943,0.9698492757159648,0.005661923383802849,0.02892436832202805,0,0
343,1.19305641944116,0.1889868572704062,-1.004069562170754,0.9999297492999123,2.344366636894344e-05,0.0001190884599711808,0,0
344,1.067432806169663,0.6150789938919012,-0.4523538122777613,0.9308841128518538,0.03681057051460172,0.194130961698613,0,0
345,2.813986156145385,0.2746521329755852,-2.5393340231698,0.9999999999995742,2.715384049117252e-14,1.379320617138875e-13,0,0
346,1.182499961355336,0.007104767220625449,-1.17539519413471,0.9999999999967512,1.738340922562494e-13,8.830167043540282e-13,0,0
347,1.482756150867421,0.07348709775256843,-1.409269053114853,0.9999989272095194,9.400589907716771e-08,4.775173035327023e-07,0,0
348,1.070544435853957,0.07933274512041855,-0.9912116907335385,0.9999957862153087,7.272637173385827e-07,3.694249324653412e-06,0,0
349,3.273722132245866,0.08870224518650226,-3.185019887059364,1,6.231995164255158e-42,3.165636705703245e-41,0,0
350,1.199527555338758,0.008415156450568149,-1.19111239888819,0.9999999999877899,7.879852412927788e-13,4.002690852037835e-12,0,0
351,1.844488182002805,0.09058341284925048,-1.753904769153554,0.999999632985972,5.772276178109125e-08,2.932115625578579e-07,0,0
352,2.814819937986109,0.00750791867916687,-2.807312019306942,1,8.811501233036443e-42,4.475936036606894e-41,0,0
353,2.814813978317406,0.006384625381727974,-2.808429352935678,1,1.123909620641783e-29,5.709069816683454e-29,0,0
354,0.7297492938262837,0.01319154561253125,-0.7165577482137525,0.999993571682862,8.580573758486362e-07,4.358636654449276e-06,0,0
355,2.407222160661212,0.07306846310900189,-2.33415369755221,0.9999999986988326,1.077547900713713e-10,5.473568411261862e-10,0,0
356,1.171691809139238,0.009835395252682911,-1.161856413886555,0.9999999984062485,1.264257249667052e-10,6.421986940007144e-10,0,0
357,0.6440160512930984,0.07975586311697229,-0.5642601881761261,0.9991682592540758,0.0001145698041411461,0.000582041425679233,0,0
358,2.124601453773519,0.07286859818660339,-2.051732855586915,0.9999999999999994,2.727840702320303e-17,1.385648163545801e-16,0,0
359,2.058455935375818,0.03314581125950023,-2.025310124116317,0.9915758576758399,0.00279172824540142,0.01422070847863363,0,0
360,2.8148144822361,0.08271733024304871,-2.732097151993051,1,2.499318111207932e-24,1.269566638538039e-23,0,0
361,2.814324206273309,0.00704321018491786,-2.807280996088391,1,4.754691570881287e-24,2.415217881973209e-23,0,0
362,1.985222547814925,0.09168340739400878,-1.893539140420917,0.9999955432848211,7.616337894329707e-07,3.868837592020276e-06,0,0
363,2.812387909198676,2.81481464136681,0.002426732168133938,1.088349986413446e-07,0.001527711507239704,0.007772116452411799,0,0
364,0.7417989540949619,0.2628358399018539,-0.4789631141931079,0.9770180155229324,0.008768527398240541,0.04493508274190356,0,0
365,1.222067342332749,0.07307884839701595,-1.148988493935733,0.9999999999984324,9.600023138108565e-14,4.876477728337912e-13,0,0
366,2.058455935375818,0.03314581125950023,-2.025310124116317,0.9915758576758399,0.00279172824540142,0.01422070847863363,0,0
367,2.814784043906917,0.07663214164358124,-2.738151902263336,1,5.138808116435146e-20,2.610335722058786e-19,0,0
368,1.571656204102496,0.007074181278210885,-1.564582022824285,1,1.807218703656907e-18,9.180042205975474e-18,0,0
369,0.8444588559059975,0.09209201863900633,-0.7523668372669912,0.9998493272025322,3.090928444735434e-05,0.0001570132634995047,0,0
370,2.814814773767667,0.07323615487859406,-2.741578618889073,1,4.887588027686316e-29,2.482724657994622e-28,0,0
371,2.560574507432166,0.08284243468065916,-2.477732072751507,0.999999999999352,6.975721990158484e-14,3.543424055828486e-13,0,0
372,1.649084479078072,0.9170266997574217,-0.73205777932065,0.7207353919693607,0.008902857741159625,0.04562965395847289,0,0
373,1.647953920277117,0.07832667367309584,-1.569627246604021,0.9999999999910664,1.049907728946932e-12,5.333165955299112e-12,0,0
374,2.263641269733571,0.5463642693690255,-1.717277000364546,0.999825965891906,3.963775742806658e-06,2.013468141588375e-05,0,0
375,2.827355530548326,0.08264895063536806,-2.744706579912958,1,6.543022737644087e-36,3.323627891006657e-35,0,0
376,2.729960400111279,0.007080328240886584,-2.722880071870392,1,5.333560900268737e-20,2.709263359964807e-19,0,0
377,1.186046279194508,0.4531362006720621,-0.7329100785224458,0.998758167269957,0.0004383783689955391,0.002227786197212364,0,0
378,2.814814773665934,0.007012411437818447,-2.807802362228116,1,2.334250577896665e-30,1.185718075020661e-29,0,0
379,2.753257204613892,0.02205579768979003,-2.731201406924102,0.9999999999991598,1.153109388396466e-13,5.857394477031141e-13,0,0
380,1.225006797123491,0.08100000826473808,-1.144006788858753,0.9999999995004645,4.933560584362856e-11,2.506077117328276e-10,0,0
381,1.226320857597089,0.07346567661073199,-1.152855180986357,0.9999999999853648,1.080902181385589e-12,5.490606989393562e-12,0,0
382,1.124873176743864,0.0746146468705906,-1.050258529873273,0.9999998740125932,1.187966761555077e-08,6.034457875994133e-08,0,0
383,1.12442048257431,0.0824442245754066,-1.041976257998903,0.9999996247095334,5.458273388952737e-08,2.772613116272759e-07,0,0
384,1.161819064730403,0.2632820969383103,-0.8985369677920922,0.9998201767568701,5.177066152885416e-05,0.0002629905625368959,0,0
385,1.180615100635087,0.07344681591190295,-1.107168284723184,0.999999998568377,9.896231558609108e-11,5.026941300092678e-10,0,0
386,2.814757553082982,0.009739773852314334,-2.805017779230667,1,1.866690413271997e-24,9.482137798071386e-24,0,0
387,1.254476121833303,0.09790651278957764,-1.156569609043725,0.9999994270531359,1.51110395070353e-07,7.675883451852349e-07,0,0
388,1.265993266349589,0.6551254353937257,-0.6108678309558628,0.9930681361192815,0.001135070444356438,0.005772314901867106,0,0
389,1.19175269553468,0.1142668340108992,-1.077485861523781,0.9999997219386556,3.843734721124841e-08,1.95248357342615e-07,0,0
390,2.794158292459871,0.6252904240679524,-2.168867868391919,0.9999127516380184,1.429443505954779e-07,7.261076683710529e-07,0,0
391,2.814684220147207,0.5600805995244447,-2.254603620622762,0.9999999863934133,2.80071239593917e-11,1.42266444842646e-10,0,0
392,1.671704789342708,0.02380676581573861,-1.64789802352697,0.9999999997433411,5.214475971429044e-11,2.648772359725834e-10,0,0
393,1.233875757171671,0.0941518387306058,-1.139723918441065,0.9999999995285044,6.863777511598372e-11,3.486560155985712e-10,0,0
394,1.196398432150025,0.1831666030914836,-1.013231829058541,0.9999970993977456,5.94453516826723e-07,3.01961882472586e-06,0,0
395,2.814814817096735,0.4633039880748601,-2.351510829021875,1,3.635862077352517e-23,1.846891428118947e-22,0,0
396,2.794197252706008,0.2066353473843532,-2.587561905321655,0.9999999999842226,3.737609423292632e-13,1.898575539632347e-12,0,0
397,1.225305611480952,0.1697657196721713,-1.05553989180878,0.9999967417305542,3.496867701425983e-08,1.776287183470881e-07,0,0
398,2.695824768471863,0.07748696643285699,-2.618337802039006,0.9999999999999375,6.639566095878676e-15,3.372668557833929e-14,0,0
399,2.814907407666366,0.6580841185902104,-2.156823289076155,0.9999999999999167,7.149337109478767e-22,3.631614495631159e-21,0,0
400,2.805288748176179,0.2772747539862701,-2.528013994189909,0.99999983118812,5.041290106158963e-11,2.560799966035812e-10,0,0
401,2.814814772631782,0.6709920000631432,-2.143822772568639,0.9999999993476362,3.228666082993368e-14,1.640050031072967e-13,0,0
402,2.811174562547631,0.3763437245386824,-2.434830838008949,0.9999999999140764,1.784789181680814e-12,9.066108038542114e-12,0,0
403,1.189170660881139,0.3629269005721177,-0.8262437603090212,0.9994743188627174,0.0001782001007443412,0.0009053558428548932,0,0
404,1.204580657593513,0.08596931610358663,-1.118611341489927,0.9999999929052862,8.897432403865053e-10,4.51958608549652e-09,0,0
405,2.814857912188659,0.07684028170107463,-2.738017630487584,1,1.689827730978105e-31,8.583736910102158e-31,0,0
406,1.226747186399737,0.4019592222502106,-0.8247879641495259,0.9999828657524462,3.449807853445254e-06,1.752388401398705e-05,0,0
407,1.229755654066113,0.07929056078296358,-1.150465093283149,0.9999999876423776,1.674734718338179e-09,8.507069671642378e-09,0,0
408,1.227763879327112,0.1686668645080184,-1.059097014819094,0.9999997939948714,4.10410275443883e-08,2.084741485544981e-07,0,0
409,2.813886038021677,0.07633956312595777,-2.73754647489572,1,3.943536595733059e-19,2.003179378145208e-18,0,0
410,2.814793862564513,0.1463482991983259,-2.668445563366187,0.9999999999974386,7.937871517052953e-16,4.032162538197744e-15,0,0
411,1.187835521160597,0.08165000001869228,-1.106185521141905,0.9999999144002595,1.301308242392077e-08,6.610193176633959e-08,0,0
412,1.67357317222683,0.00971847295223638,-1.663854699274594,0.9999999999998529,1.10897687372588e-14,5.633216658091394e-14,0,0
413,2.81499240223357,0.0741666508570949,-2.740825751376475,1,4.485367353280904e-25,2.27841055037245e-24,0,0
414,2.814780909715402,0.0734739484238246,-2.741306961291577,1,2.198535532987153e-22,1.116779554312893e-21,0,0
415,1.249928467016295,0.07628395723589423,-1.1736445097804,0.9999999999541884,6.398491893801814e-12,3.250211251201153e-11,0,0
416,0.9693011026650876,0.4843563947713156,-0.484944707893772,0.9427679098498075,0.03117010980017305,0.1634273611637425,0,0
417,1.31868020267496,0.07687211560838669,-1.241808087066574,0.9999999996071078,4.099750406969943e-11,2.082530558992997e-10,0,0
418,2.807188134929759,0.6361803928025147,-2.171007742127244,0.9999749909827816,9.789319551549857e-08,4.972634206721667e-07,0,0
419,1.230926849360558,0.07404006781623676,-1.156886781544322,0.9999999991826893,7.609581356824633e-11,3.865402559713212e-10,0,0
420,2.814740071913544,0.07803835590919542,-2.736701716004348,1,5.145710637042022e-22,2.613841962358896e-21,0,0
421,2.747850306599533,0.1107720308583707,-2.637078275741162,0.9999999999986159,1.494560109334698e-13,7.591845334103296e-13,0,0
422,1.257615836865938,1.21256261946025,-0.04505321740568768,0.06873070156204558,0.01766028784026056,0.09132087031543015,0,0
423,2.814811181456285,0.0817438761141732,-2.733067305342112,0.9999999999999987,5.423100222251752e-19,2.754746220076604e-18,0,0
424,2.451045400238738,0.6586282216843784,-1.792417178554359,0.9986041334607352,1.813941311716881e-05,9.214357858881378e-05,0,0
425,1.198169548974588,0.6322426305696838,-0.5659269184049045,0.9876214572726588,0.003027040551917016,0.01542299880982764,0,0
426,1.193759334681512,0.01091913763577085,-1.182840197045741,0.999999999979981,1.679659868998435e-12,8.532087709093376e-12,0,0
427,1.183453411767192,0.5441349921561488,-0.6393184196110432,0.9922715160163419,0.003359027871431513,0.01712020006674762,0,0
428,1.173320223924832,0.01835719890049734,-1.154963025024334,0.9999999893281286,1.65398978655658e-09,8.40169263588919e-09,0,0
429,0.9653448003455065,0.4767943234246426,-0.4885504769208639,0.9577902646251517,0.020718852075055,0.1074712402974616,0,0
430,1.824553733595918,0.0740196995344693,-1.750534034061448,0.9999999999999889,9.640198437571016e-16,4.896885382594053e-15,0,0
431,1.021779631256791,0.07506372423940538,-0.9467159070173852,0.9999994706481983,4.733859391276772e-08,2.404635973406736e-07,0,0
432,2.814705641465823,0.4349495702439524,-2.37975607122187,0.9999999997952338,4.375608799823251e-13,2.222657024185961e-12,0,0
433,1.203305733802235,0.1092921129908854,-1.094013620811349,0.9999990876194039,1.66376024551568e-07,8.451324560042764e-07,0,0
434,0.9808827282280692,0.9672167964204366,-0.01366593180763265,0.3440192034910979,0.3906672203510351,3.256764802164462,0,0
435,1.219696168513315,0.07663619747178142,-1.143059971041533,0.9999999995980111,3.926662228381373e-11,1.99460778674021e-10,0,0
436,1.307050232868533,0.2734173773239318,-1.033632855544601,0.9999998686777715,1.680386000700007e-08,8.535776348904782e-08,0,0
437,2.058455935375818,0.03314581125950023,-2.025310124116317,0.9915758576758399,0.00279172824540142,0.01422070847863363,0,0
438,1.590871923533091,0.07712010762342743,-1.513751815909664,0.99999999995977,6.106342320887355e-12,3.101809433290623e-11,0,0
439,0.8252476907476084,0.01660422724668228,-0.8086434635009261,0.9999958648595696,6.65697991474445e-07,3.381516422985252e-06,0,0
440,2.814832233374109,0.07389701264837359,-2.740935220725735,1,4.304140976366081e-32,2.186353856539674e-31,0,0
441,2.814814829793256,0.07304709067731602,-2.74176773911594,1,1.072459111177669e-36,5.447719130436255e-36,0,0
442,1.202212191357591,0.2781474327505988,-0.9240647586069921,0.999992804585324,1.557181226962745e-06,7.909951140317711e-06,0,0
443,2.223565373735573,0.6032233870322102,-1.620341986703363,0.9991041660675142,1.435165177123007e-05,7.290244371549921e-05,0,0
444,0.760486751835273,0.2055708794778465,-0.5549158723574266,0.9937577336229386,0.001978286190254541,0.01006892473094985,0,0
445,1.206906838993223,0.2185720542652934,-0.98833478472793,0.9999985074012924,2.973569905944173e-07,1.5104704981668e-06,0,0
446,2.814776921468822,0.5156357164556671,-2.299141205013155,0.9999999995461064,2.063848028281395e-13,1.048362988276334e-12,0,0
447,2.026271348176949,0.6775744634574807,-1.348696884719468,0.9608513856241698,1.180813325975437e-05,5.998191667994615e-05,0,0
448,2.5910529784513,0.009962100139101582,-2.581090878312198,1,5.946395841233335e-19,3.020562186828849e-18,0,0
449,2.814803884468081,0.01026255738931022,-2.804541327078771,1,3.328589723084443e-25,1.690807763468812e-24,0,0
450,1.210157591070174,0.02447322472232085,-1.185684366347853,0.999999976871807,4.990517712293967e-09,2.535009369062817e-08,0,0
451,1.657560731507064,0.1684774130944798,-1.489083318412585,0.9999999947630352,7.773918656251927e-10,3.948880192601173e-09,0,0
452,0.8699891994642591,0.009524566416398768,-0.8604646330478604,0.9999994058207816,5.176553553243342e-08,2.629509226750287e-07,0,0
453,0.6719706623778751,0.4195577710203191,-0.252412891357556,0.8155032222639461,0.1101283382668549,0.6286453025730705,0,0
454,2.813562299138698,0.07329413295278003,-2.740268166185918,1,1.264179624210311e-20,6.42159262888421e-20,0,0
455,1.234289662793802,0.1698747261774746,-1.064414936616327,0.999996848401369,1.698865826998218e-08,8.629647439750701e-08,0,0
456,1.213275934269638,0.07788610011086694,-1.135389834158771,0.9999999991954135,8.945572794523289e-11,4.544039725326248e-10,0,0
457,2.814813771262735,0.075144723496714,-2.739669047766021,1,2.795797490814578e-25,1.420167847593871e-24,0,0
458,1.126790318192306,0.2868692188725323,-0.8399210993197735,0.9993145424452864,0.0002342880496095449,0.00119038066515825,0,0
459,1.625429045506897,0.07379720050490213,-1.551631845001995,0.9999999999933304,5.850236910740808e-13,2.97171679592042e-12,0,0
460,1.932517689843361,0.07261365333335705,-1.859904036510004,0.9915065771875793,0.003455384715148821,0.01761301180877179,0,0
461,0.4983527250573672,0.9657004631969051,0.4673477381395379,0.01899498789532223,0.9568705349960605,112.6971869740086,0,0
462,1.141476964881686,0.09150607894666267,-1.049970885935024,0.9999934725172331,1.185697521981436e-06,6.022937998220747e-06,0,0
463,2.814390013001133,0.1161909718780382,-2.698199041123095,0.9999999999258584,2.821468386843512e-15,1.43320776957642e-14,0,0
464,1.109909886477381,0.01633562686906756,-1.093574259608314,0.999999938734563,8.624250530307607e-09,4.380819232653917e-08,0,0
465,1.001383668670285,0.1335889769378433,-0.8677946917324415,0.9996244314476705,8.753605877390414e-05,0.0004446916475907495,0,0
466,1.177641724647664,0.6355485210055968,-0.5420932036420677,0.9728405964978827,0.01176638172584574,0.0604807649073384,0,0
467,0.9906430799416842,0.08171107756526379,-0.9089320023764205,0.9999875719298825,1.758718935564711e-06,8.933695971068888e-06,0,0
468,2.812089668499833,0.6462421851106449,-2.165847483389188,0.999982668465945,1.802840823537617e-08,9.157804263321655e-08,0,0
469,2.814814744933888,0.4209493987392266,-2.393865346194661,0.9999999999997682,1.684997520383574e-17,8.559201120918581e-17,0,0
470,1.909931686263862,0.1310677584756499,-1.778863927788212,0.9999998049245076,4.215801454544856e-08,2.141480543444461e-07,0,0
471,1.227892768021499,0.1697028584170305,-1.058189909604469,0.9999969273486355,6.499196415067687e-09,3.301365665499083e-08,0,0
472,2.814814820516908,0.08004528477625747,-2.734769535740651,1,3.337098131086064e-33,1.695129738689768e-32,0,0
473,1.057548607611934,0.0753000357469567,-0.9822485718649776,0.9999957771415411,4.473386850182921e-07,2.272325888150839e-06,0,0
474,1.054108359784421,0.0116198495222248,-1.042488510262196,0.9999999502185669,4.972667291216417e-09,2.525941976157498e-08,0,0
475,1.148083137593058,0.07403450355803547,-1.074048634035022,0.999999987949178,9.64885873492854e-10,4.901284517052104e-09,0,0
476,1.227888109455578,0.01105895790121686,-1.216829151554361,0.9999999999999742,2.156105088766678e-15,1.095226364985335e-14,0,0
477,2.398888205868101,0.008727101704260875,-2.39016110416384,0.9999999999999999,1.228491844059596e-17,6.240311123022075e-17,0,0
478,8.204875113672854,0.6530467593966459,-7.551828354276208,0.9473530613327165,0.04077145938277269,0.2159076995337465,0,0
479,2.814478490569079,0.006811475821221346,-2.807667014747857,1,5.698289429406917e-25,2.894532762303147e-24,0,0
480,1.068299390795431,0.0820919561664178,-0.9862074346290132,0.9999952673740314,7.164233298212268e-07,3.639183848401938e-06,0,0
481,1.259798352058285,0.007235320246181704,-1.252563031812104,0.9999999999999988,5.72360742340603e-17,2.907393422333512e-16,0,0
482,1.77290872229153,0.01103284902931953,-1.761875873262211,0.9999999999999891,9.482042766984007e-16,4.816547804847363e-15,0,0
483,0.592587795957126,0.152584325442366,-0.44000347051476,0.9825710689679548,0.005919901106827818,0.03025011552855775,0,0
484,1.177224986908799,0.6596055536646422,-0.5176194332441567,0.962327582205423,0.01547816992280158,0.07985980126518454,0,0
485,1.707814832749021,0.1097940654455497,-1.598020767303471,0.9999907742719966,1.907199003704391e-06,9.687925819601051e-06,0,0
486,2.790555774701948,0.1023083989111473,-2.6882473757908,0.9999999999952223,1.713607143656603e-13,8.704528052636757e-13,0,0
487,0.8190250024389527,0.00860462428566277,-0.8104203781532899,0.999999613186451,3.116755466817689e-08,1.583203381248729e-07,0,0
488,0.9549029374003956,0.4585958727900027,-0.4963070646103928,0.9426450675158,0.03140858809138841,0.1647182673240105,0,0
489,1.054159537843853,0.01077839152926283,-1.043381146314591,0.9999999635391169,3.356153036669627e-09,1.704808973446239e-08,0,0
490,1.01532497170424,0.1580446213460974,-0.8572803503581424,0.9998997979467802,1.942372133095249e-05,9.866766251187728e-05,0,0
491,0.5602953536878748,0.08031762323000678,-0.479977730457868,0.9968539489005965,0.0004405183051753073,0.00223866588845379,0,0
492,2.814118043193352,1.217656873038861,-1.59646117015449,0.9995722618754527,2.055455887057669e-07,1.044100287143122e-06,0,0
493,1.11286734704917,0.01178540918365511,-1.101081937865515,0.999999995129687,4.753735292163194e-10,2.414732126805339e-09,0,0
494,1.374205122055253,0.4707667943155557,-0.9034383277396969,0.9781587139982597,0.01259282084795505,0.0647829483902832,0,0
495,2.814791169594091,1.220667648311288,-1.594123521282803,0.9999853656845288,6.103804745748445e-09,3.100520452319168e-08,0,0
496,0.6540108839359218,0.33037724676915,-0.3236336371667717,0.8883045157130167,0.06068302354233638,0.3281625405525175,0,0
497,1.226269720516514,0.1232552525729927,-1.103014467943522,0.9999979199417892,3.731216010689826e-07,1.895328615671601e-06,0,0
498,2.781923057989902,0.07517599740823055,-2.706747060581671,0.9999999999999996,4.617773769265113e-17,2.345668402707501e-16,0,0
499,1.133993501632357,0.111796657107361,-1.022196844524996,0.9999916234249705,1.578704420591464e-06,8.01928181796118e-06,0,0
500,1.225985856580025,0.6771317975316606,-0.5488540590483646,0.9824579280293592,0.004094058733338434,0.02088188553324049,0,0
501,1.253772974910266,0.07757174144140536,-1.176201233468861,0.9999999999897041,1.090514053294858e-12,5.539431954311843e-12,0,0
502,0.7876440837556241,0.01617381501954347,-0.7714702687360806,0.9999870718439882,2.077534666696812e-06,1.055317516833247e-05,0,0
503,2.807364252318441,0.4001186911962887,-2.407245561122152,0.9999999984102758,4.920570731376663e-11,2.499478723983125e-10,0,0
504,1.208819102481201,0.01017314359283291,-1.198645958888368,0.9999999999957543,3.27486419736581e-13,1.663517065744876e-12,0,0
505,1.093458132020966,1.220322012288072,0.1268638802671058,0.008072521921564673,0.3150377832166534,2.336307440650832,0,0
506,2.813442285063994,0.4201775431714689,-2.393264741892525,0.9999999979444608,5.401873477520246e-12,2.743963772336963e-11,0,0
507,0.8219992445524636,0.01658318915297692,-0.8054160553994867,0.9999957668320439,6.815291657695383e-07,3.461933388402273e-06,0,0
508,2.814676194807419,0.008164394498222198,-2.806511800309197,1,2.358273511115927e-25,1.19792088923556e-24,0,0
509,0.9365745796883933,0.7962632992082502,-0.1403112804801431,0.5767832280850578,0.2875493645874317,2.050178143989777,0,0
510,1.309376688168094,0.07393777338164277,-1.235438914786451,0.9999999999238453,6.854139671386537e-12,3.481664468284293e-11,0,0
511,1.188904757443821,0.08183746675961472,-1.107067290684207,0.9999999608650753,4.28982456308534e-09,2.179081626070122e-08,0,0
512,2.814814798652777,0.4121361192609269,-2.40267867939185,0.9999999999947528,1.854393324746259e-16,9.419672867043138e-16,0,0
513,0.9230813000392601,0.09579590428418139,-0.8272853957550788,0.9999410763711227,1.027201017856923e-05,5.217877361680582e-05,0,0
514,2.796446184968343,0.3360616841553491,-2.460384500812994,0.9999999991468674,3.582257146946106e-11,1.819661988682234e-10,0,0
515,2.81481444686421,0.009353380277619044,-2.805461066586591,1,1.888743809787818e-29,9.594161379052862e-29,0,0
516,2.804500011562901,0.09346940575009484,-2.711030605812807,0.9999999999998634,6.166698495702649e-15,3.132468270028673e-14,0,0
517,1.343728789148584,1.118556284706245,-0.2251725044423389,0.3141738832823506,0.00553801225406476,0.02828783370929357,0,0
518,0.9328169852267881,0.217330136461929,-0.7154868487648591,0.9989876565709398,0.0002881553202114663,0.001464150667931276,0,0
519,7.124997671675118,0.4790031495602275,-6.64599452211489,1,2.655736226821791e-42,1.34902159881533e-41,0,0
520,2.8145346571905,0.3374133954455234,-2.477121261744976,0.9999999999989281,3.3996794625269e-14,1.726918877589868e-13,0,0
521,1.082567231478132,1.226341571416486,0.1437743399383546,0.001333960931177541,0.3479123723962801,2.710178392263485,0,0
522,2.812748766047575,0.09895720657867393,-2.713791559468901,0.999999999999999,2.615678538307655e-17,1.328673686828281e-16,0,0
523,1.333755131944208,0.08864970095683707,-1.245105430987371,0.9999999816443459,1.227961968757097e-11,6.23761954092823e-11,0,0
524,2.814814814571753,0.648326525431367,-2.166488289140386,0.9999999999926346,1.662756999539482e-16,8.446227013458037e-16,0,0
525,1.083912657916417,0.3703702199380729,-0.7135424379783437,0.9949056311437972,0.002107790452061154,0.01072945755430441,0,0
526,2.814814791787755,0.4883799270752735,-2.326434864712481,0.9999999999999506,2.332482340160637e-18,1.184819871775305e-17,0,0
527,0.7785375381195928,0.2535096909459186,-0.5250278471736742,0.9847566813881715,0.006094770738377175,0.03114916171918412,0,0
528,1.468542561214339,0.3642164486242371,-1.104326112590102,0.999964401125941,9.693964379627553e-06,4.924244345861212e-05,0,0
529,1.20362900396755,0.561506455505427,-0.6421225484621227,0.9971696602220351,0.0009835095195457047,0.005000804493133619,0,0
530,2.015420357357434,0.1007068170048861,-1.914713540352548,0.9796397113561292,0.0129813143354535,0.06680781329465345,0,0
531,2.758409118164761,0.6715282794921266,-2.086880838672634,0.9991180321213056,1.724954373334242e-06,8.762183145577786e-06,0,0
532,0.6057945852096718,0.4508454947952954,-0.1549490904143764,0.7222883158894333,0.1826073449755956,1.134805616220022,0,0
533,2.058455935375818,0.03314581125950023,-2.025310124116317,0.9915758576758399,0.00279172824540142,0.01422070847863363,0,0
534,1.106237699709257,0.0836364654874825,-1.022601234221775,0.9999978073467003,3.583287603090894e-07,1.82018607670965e-06,0,0
535,0.4645237853468439,0.008909642811860671,-0.4556141425349832,0.9998504670521389,1.679801221327391e-05,8.53294906631026e-05,0,0
536,0.4421577364587948,0.01072911557863105,-0.4314286208801638,0.9985706824168011,0.0001771928068443278,0.0009002373213988093,0,0
537,0.02203699156528144,0.2630892248511949,0.2410522332859135,0.004933291923309026,0.983080966983859,295.1533489912072,0,0
538,0.4478471522814762,1.222276823223645,0.774429670942169,0.0008468909577480975,0.8693801929159256,33.80918242098196,0,0
539,0.4687238571074717,0.08777785765988959,-0.3809459994475821,0.9804915180906373,0.004250432581190447,0.02168288022591622,0,0
540,2.812826531462702,0.0835200252460599,-2.729306506216642,0.9999999999999997,2.655093777052372e-17,1.348695256686038e-16,0,0
541,1.041744664179618,0.4656492199132994,-0.5760954442663188,0.9746131719372539,0.01254393710576993,0.0645282745430561,0,0
542,1.203619720124163,0.2570788773110358,-0.9465408428131274,0.9998902581724032,2.300494738818913e-05,0.0001168598166818374,0,0
543,1.025314111244439,0.4435016856572845,-0.5818124255871545,0.9822376719586094,0.007923934228633567,0.04057232121096373,0,0
544,0.9041263610222947,0.09585539144621866,-0.808270969576076,0.9998537870869805,2.724233389071875e-05,0.0001383853473327816,0,0
545,0.6505812974845904,1.250791350571627,0.6002100530870365,6.711634443094213e-05,0.9357427162972465,73.97211864582914,0,0
546,0.9920474128113876,2.814814814814803,1.822767402003415,9.171714897386484e-21,0.9999977695404402,2277396.469681237,0,0
547,1.184184328923659,0.7687595053381967,-0.4154248235854624,0.8197434586083155,0.01955408957988297,0.1013089761576114,0,0
548,0.5552437207906747,0.2766393236053059,-0.2786043971853688,0.8950766030205676,0.05651543525464989,0.304274979884298,0,0
549,1.469457520814131,0.007139470826343079,-1.462318049987787,1,1.733928035905364e-19,8.807751114752336e-19,0,0
550,1.278937952248901,0.2618893836556337,-1.017048568593267,0.9999990644910666,1.799889565129644e-07,9.142814377983031e-07,0,0
551,0.9284536903285097,0.5648013564645555,-0.3636523338639541,0.884705183218068,0.0653695931931011,0.3552792484902831,0,0
552,2.602486364353511,0.4306380061896098,-2.171848358163901,0.863140161742102,0.1151032334687191,0.6607373863283734,0,0
553,2.585515173773461,0.3023396689039242,-2.283175504869537,0.9058933466021043,0.07651478979335012,0.4208713957625067,0,0
554,1.319255606589427,0.329813288562535,-0.9894423180268924,0.9999998007519838,2.741447515673484e-08,1.392559989466345e-07,0,0
555,0.1609055140802251,0.09497035382800717,-0.06593516025221793,0.5022122515429404,0.1285672277287694,0.7494287610143194,0,0
556,1.226070852433563,0.09827049454317278,-1.12780035789039,0.9999987683880309,3.333181887168831e-07,1.693140987397359e-06,0,0
557,7.12351251303333,0.5825246648097122,-6.540987848223618,1,1.322340998783951e-34,6.717032174891102e-34,0,0
558,0.3693201894637509,0.003614575545410807,-0.3657056139183401,0.9995160205886119,2.157344906024175e-05,0.0001095879790920447,0,0
559,0.5896593826119574,0.1592832527300391,-0.4303761298819183,0.9826544322316808,0.00545105692241821,0.02784123667619363,0,0
560,1.22642215989774,0.01407596764002655,-1.212346192257713,0.999999999996717,3.625359607151828e-13,1.841556538683475e-12,0,0
561,2.814819365832097,0.5280689161548864,-2.28675044967721,0.9999999999999953,1.136815887663153e-19,5.774629162510291e-19,0,0
562,0.4439409568876524,0.007245625806604625,-0.4366953310810477,0.9996037541947405,3.387102748693353e-05,0.0001720588622664508,0,0
563,1.219743509824243,0.55383397381838,-0.6659095360058633,0.9988047271847834,0.0002962045900153899,0.001505062061336603,0,0
564,0.9595699712348741,0.1023784162237201,-0.857191555011154,0.9999115650319867,1.825203467101925e-05,9.271567771584972e-05,0,0
565,0.5473608595084002,0.0803319556392854,-0.4670289038691148,0.9980129801008186,0.0002738734273336821,0.001391562830670098,0,0
566,0.8646105701829354,0.1327805443206758,-0.7318300258622596,0.999274625599002,0.0001815618397884813,0.0009224384526266235,0,0