site,MLE,Lower,Upper,LogL_global,LogL_local
1,0,0,0.1489157159364991,-17.13083150418989,-4.233003763206788
2,0.8984447960254428,0.4668990725965085,1.540167489221069,-115.3054631556755,-115.241164706186
3,2.193985973523958,1.466591640697827,3.128266400392466,-251.0950476377405,-244.5793721437857
4,2.865922142492055,2.007241904127303,3.941069903858378,-321.8962462836225,-308.238736837951
5,1.177937493193946,0.6635246427043977,1.907217455089218,-143.275702449547,-143.0979623248247
6,0,0,0.1552139788661369,-15.28355651703799,-2.909783789684377
7,0.7457762148728043,0.3584692716794405,1.344951845968893,-99.0073722805236,-98.58047189330762
8,1.407777273375923,0.8401886017244723,2.187438894948016,-165.371142761036,-164.4807932591823
9,3.50996369926478,2.572193712516919,4.652111442833888,-428.6078969128121,-404.8304749448776
10,2.356874893309705,1.590615879405824,3.346868256029822,-260.7697123697344,-252.8608852008043
11,0.9934217083624043,0.5322716755412878,1.667246111917826,-121.8494693433934,-121.8492537459991
12,2.293145049092395,1.558733459817979,3.236745503737198,-279.3329394065145,-271.5965150944614
13,3.493685423093163,2.539531403936192,4.658296118802308,-409.9098782271942,-387.3691841640807
14,4.6725480554404,3.570063574419681,5.980279722473952,-511.9682128756132,-468.1574778533331
15,3.762411757601746,2.786921512131402,4.943925924975281,-419.25545261702,-391.4883141867255
16,6.521011728442345,5.193230025344323,8.056561476919379,-725.7263530117642,-643.4996722478827
17,1.038302456634724,0.571118736376203,1.709255361838218,-129.1312290404428,-129.1221959721339
18,3.610556700945159,2.645924948976452,4.78588576061822,-410.5099357501182,-385.840568924518
19,4.893312526483603,3.739959441500088,6.265870108109181,-519.5818792586093,-473.646770915796
20,1.665245202558635,1.051531977238094,2.484531127308281,-204.7820481884189,-202.4555210455447
21,4.069497426919553,3.033983986394623,5.319539923209667,-455.1460848007117,-423.3407005312741
22,1.825900469965772,1.165083142924798,2.698750373060242,-206.7984676071424,-203.505954687409
23,1.941609060155906,1.264355938826725,2.824741011689013,-227.0460878036677,-222.7648829760049
24,1.655446842438277,1.031815043579605,2.491061407199574,-197.0154337901506,-194.8527445347527
25,3.410024527394831,2.469612548457485,4.563608642476296,-363.9178040364881,-342.6079782136327
26,2.852166235554865,2.009066563325681,3.905969135494177,-345.5077486215077,-331.5498272680495
27,0.2425389703651312,0.06031349821817453,0.6289488481473929,-41.19559237941495,-36.07694511856734
28,1.379391275795408,0.8231449642188688,2.142967197740265,-184.3844471704184,-183.5924965505361
29,0.08269300683644312,0.004721958478211451,0.3642578196104787,-23.3386921167474,-14.74413184547896
30,0,0,0.1516252773410308,-16.10546191813039,-3.438431664669871
31,1.242886171914791,0.7151812001852177,1.982334842997153,-141.6751919707361,-141.3450521678498
32,0.0825694155589837,0.004713685815044773,0.3636204615066775,-23.99841667862239,-15.38440402040089
33,0.07795361716498843,0.004451860751736858,0.3434098828297256,-26.33773685699185,-17.06765469331685
34,0.3900745537767779,0.1399036984984003,0.8385334509917888,-63.54255822475356,-60.43307629120265
35,0.4042152133032187,0.1449564923061031,0.8688547129046059,-59.73455479487741,-56.89475215349637
36,0.6394108253094037,0.2921817459687663,1.190196417130376,-83.0664024764375,-82.13237303782128
37,1.190672136880034,0.6850853623706917,1.8987445946075,-146.6808173416234,-146.4654135060055
38,0.1652478288328031,0.02748306867217312,0.5103942428074147,-32.39923163436612,-25.90014049724441
39,0,0,0.1586061903010199,-14.70301020186707,-2.594218449023097
40,0.892614348467205,0.4633193076593851,1.528334332721247,-116.2806064504494,-116.2064437769874
41,4.907152342921133,3.749165759787065,6.281370726935305,-557.4337751712229,-511.3858353267622
42,0,0,0.1533665160708369,-15.66723574604464,-3.144210935701132
43,1.145969469000258,0.6448696358599202,1.853491598816182,-143.2671091348649,-143.1448035596063
44,0.2431421127984135,0.06045217560710131,0.6303963730957122,-42.14282165468472,-37.04569085859632
45,0.5044181985112755,0.200494214654423,1.022275811835027,-68.23936257249815,-66.45136037331633
46,0.811483938004545,0.4063065538657594,1.422348289232521,-108.4082131858675,-108.1723895137008
47,3.916149297995348,2.900103610766346,5.145489255925626,-416.276868156264,-387.1306953132839
48,0.9695157964669949,0.5190499930654752,1.625752767231779,-121.7179444491648,-121.7120471907425
49,4.851703538814923,3.724608838331307,6.184971350723341,-563.4605429279467,-516.3539626781284
50,1.936983627892745,1.249085585634066,2.840025031747657,-224.8242216949526,-220.746739708838
51,0.08040645433225528,0.004589960150072481,0.3540707843233272,-24.62211260941177,-15.70785752521882
52,0,0,0.1533665160708369,-15.66723574604464,-3.144210935701132
53,0.0809933772243387,0.004624268894945802,0.3567181280258356,-23.88968142730925,-15.06034363191641
54,0.08260357252612939,0.004716770707287188,0.3638574675653284,-23.54315502679049,-14.93638412112652
55,0.1616631196853783,0.02687782863638578,0.4991453313482125,-33.28405152609784,-26.55669843437713
56,0.1619950629221069,0.02694407999294643,0.5003766932276916,-33.07590173483589,-26.37408531035888
57,0,0,0.1544423097598918,-15.43613124877629,-3.000452181058462
58,0.2486904622237521,0.06183149821530928,0.6447959988222862,-42.95320404737101,-38.06400855800555
59,1.43811218543626,0.8728094170056346,2.21109150281207,-169.382333221381,-168.3200112057306
60,0.5587118005185987,0.2400309944707096,1.080411208341285,-82.74503541812315,-81.29047128829275
61,2.905398292540597,2.04571394563165,3.977436393259437,-319.9284710510223,-305.558416055161
62,2.078064421790032,1.365453149460943,3.00127118666909,-238.6960714617817,-233.3879468565898
63,1.15851407890808,0.6528404492197413,1.876444575469771,-141.846080496676,-141.7010963021391
64,3.115701141420865,2.216195902322232,4.23058284615872,-352.2228468190439,-335.3077377265892
65,2.317541634818765,1.562291718596135,3.287078562759101,-262.9728320539274,-255.3517372703844
66,3.401939613072605,2.473653616262171,4.53703116141022,-382.2741577962011,-360.5149331681633
67,0.5882576932224677,0.2528585588760625,1.138236311923093,-84.42595258202267,-83.24290481397445
68,0,0,0.1516252773410308,-16.10546191813039,-3.438431664669871
69,10.94429123019586,9.186044144524919,12.91386778706261,-1161.452488254309,-964.196149537448
70,2.738552675053186,1.906987185120886,3.78237553136176,-300.2227693417963,-287.9330968948279
71,0.3169310140182599,0.09839207165815965,0.7362892755076677,-52.98868999372029,-48.96448138745497
72,1.251491613193741,0.7338060099069021,1.968081917758694,-162.4603834132265,-162.0873807182835
73,2.164780211550395,1.446937923983775,3.086262934364667,-259.9045031534391,-253.5857593830961
74,2.864999438128473,2.006641447990606,3.939887099400662,-323.3087847408097,-309.6578825879855
75,1.243270536706982,0.7155378894968796,1.983324377704513,-137.7625112866187,-137.4309086440542
76,0.08069466141319402,0.004606341861453389,0.3553352605335969,-23.09075490740974,-14.21722354505489
77,0,0,0.1586061903010199,-14.70301020186707,-2.594218449023097
78,4.488474204171243,3.403914820702902,5.782542919031714,-492.3102968943645,-452.4927394244575
79,1.241496626708879,0.7146006615785162,1.980721836196681,-144.2329174398329,-143.9051552464945
80,0.07893713762036568,0.004506535522007933,0.3476312594303185,-24.77386812903817,-15.64740835864761
81,0.567398119122257,0.2438214771418266,1.097497326103804,-76.78564609677797,-75.4162988890498
82,0.5794705774799371,0.2489763325235225,1.120734196180871,-74.08651804450056,-72.8262311114457
83,1.8534741047225,1.182489740168106,2.739154471324924,-230.8341064556299,-227.3927934736859
84,0.08069466141319402,0.004605707754565197,0.3552869700062249,-24.19288686308052,-15.31780698773434
85,0.4042149305053487,0.1449676167782505,0.8689214390641545,-59.60261275490521,-56.76337591652772
86,0.2482610551329823,0.06172583907034931,0.6436910708551273,-40.69508089078609,-35.79029733640466
87,0.08269300683644312,0.00472195841673122,0.3642578149265683,-25.17008741419544,-16.57552700036812
88,0,0,0.1586061903010199,-14.70301020186707,-2.594218449023097
89,0.08069466141319402,0.00460570778328172,0.3552869721929114,-24.60705980840044,-15.73198000317826
90,0.07922785581383407,0.004521907742309057,0.348818958161066,-24.41429908780345,-15.3275937603499
91,2.320482122246082,1.575592572394294,3.271796466642904,-288.8191335090395,-280.9060020207498
92,0,0,0.1516252773410308,-16.10546191813039,-3.438431664669871
93,0.9695157964669949,0.5191238860482547,1.625984496566817,-122.7822359497799,-122.776392460849
94,4.572546800954591,3.470972368323947,5.896510468031051,-493.6737122497749,-453.020510276886
95,2.232170943378348,1.504531690385277,3.165204320035173,-258.0107269492815,-250.9801920341294
96,1.038302331713618,0.571133860527912,1.709300674765978,-130.256957848669,-130.2479120771255
97,1.323999350626242,0.7768904093679956,2.083890246916224,-158.6247224821656,-158.0480294757698
98,2.624491654427197,1.816831909268492,3.642082358540754,-300.9250119685992,-289.859538438404
99,2.875536694335818,2.024749540073342,3.936502484958817,-316.5614521902539,-302.426601052765
100,0,0,0.1496647833586264,-16.77361757172548,-3.940431794186492
101,0.7267371440982119,0.3492081489654122,1.310150957417742,-95.25209301110986,-94.74075414237329
102,0.2482610551329823,0.06172977775040048,0.6437321462369743,-40.00048645673422,-35.09628204883397
103,0.1590082898876,0.02644121035307666,0.4910306348184539,-33.22035719594596,-26.32119588127246
104,2.326366550331684,1.579460734360769,3.279921215798623,-257.0273533420284,-249.0738703994476
105,0,0,0.1544423097598918,-15.43613124877629,-3.000452181058462
106,0,0,0.1542933232805569,-15.46675982192833,-3.019057036940108
107,3.155441381200477,2.256138151632301,4.26987104255851,-339.9034749868096,-322.1918614744305
108,3.439755486626826,2.499423677522409,4.58454319308759,-381.8477229696625,-359.7816408394009
109,0.7277896606679094,0.3497288935433795,1.312107379817321,-96.98321977194674,-96.47691326930446
110,3.261937951164541,2.362528379834524,4.365049100127293,-406.6742734006196,-386.6336511760601
111,0.4961780279649172,0.1972674917993781,1.005801717129365,-68.47825251924166,-66.59294363575361
112,1.82228926812067,1.162806400249191,2.693445307155951,-207.4608139005993,-204.1877234895074
113,0,0,0.1516252773410308,-16.10546191813039,-3.438431664669871
114,0,0,0.1520033200006337,-16.00165512715518,-3.36617094599926
115,0,0,0.1521418218452242,-15.96500232601862,-3.341036237756486
116,0,0,0.1520033200006337,-16.00165512715518,-3.36617094599926
117,0.7277896606679094,0.3497213498789739,1.312083456988426,-94.45712170956422,-93.95075043064752
118,0.1597601989683473,0.02655977022638793,0.4932341001579157,-35.99090571778353,-29.13901084310325
119,1.349200143030083,0.8048678383041734,2.095279365236947,-166.9912705426974,-166.3011885262497
120,1.941609060155906,1.264705517872568,2.825522074252202,-221.5529411727922,-217.2685201636964
121,1.268345242145855,0.7437642211713029,1.994847565351257,-174.2790711658233,-173.8616135325024
122,3.335224885466447,2.41543934508154,4.463221586413941,-380.5473074430754,-359.8758001967267
123,0.1654406081422416,0.02751882464674143,0.5110588899276766,-30.85902872384241,-24.3730797761642
124,0.08272711133697663,0.004722217177840341,0.3642794335617884,-22.71172109054535,-14.11781889472915
125,0.4821279685569879,0.1916877688158903,0.977315214487773,-69.68570138367633,-67.62045581801864
126,0.08269300683644312,0.004719267585685385,0.3640527769629932,-23.52327048594898,-14.92246012108756
127,0.4967897951025611,0.1974843380519954,1.006908625348965,-62.62032032788616,-60.74169957473888
128,3.773177710443506,2.7935274082163,4.955700556799835,-417.7248186706477,-389.8760452637852
129,0.3233783059134827,0.1003791230182689,0.7511749607814749,-50.70813300004069,-46.85401081984082
130,1.57258056883604,0.9677129972482134,2.390996617408904,-184.7039939088354,-183.016934841232
131,0.7449689760124317,0.3578780314632591,1.342735264703919,-96.29470909950665,-95.86274408314802
132,0,0,0.1586061903010199,-14.70301020186707,-2.594218449023097
133,0.2433291350017698,0.06051120725943599,0.6310126045643193,-37.92727137929224,-32.8392637627275
134,0.3310374396033254,0.1027529432380436,0.7689588918887192,-56.69849063088737,-53.03691380091722
135,0.4827995255041517,0.191859727267258,0.9781926512749366,-69.48835927185038,-67.42888803498593
136,0,0,0.1526712186381239,-15.83090825826642,-3.250774955279468
137,5.222467421778364,4.035965244213406,6.621822857699756,-565.3208594056636,-512.1532085672527
138,4.407614604827401,3.324599420842286,5.704176017776131,-480.0664712253773,-442.4426945870625
139,0,0,0.1544423097598918,-15.43613124877629,-3.000452181058462
140,4.586679449070888,3.478320529980313,5.909062518448328,-487.2438153884626,-446.5004158850827
141,0.07947796877221361,0.004537339698917279,0.3500089190133416,-24.67986225424285,-15.63270514631073
142,1.821791523624795,1.162556967995313,2.692864517761679,-209.447431771524,-206.1764688691124
143,0.07792096245423052,0.004448318818939109,0.3431381297787203,-24.92786253911011,-15.64840778907124
144,3.82506522508267,2.832747533402057,5.025523936345831,-431.1449243189569,-402.8150134980371
145,0.3304342757459494,0.1025935715555705,0.7677647552496119,-50.03200001573669,-46.3578413797519
146,1.039515615041428,0.5718255825303352,1.711374886090677,-125.9063264323723,-125.8966913601798
147,1.792674177083758,1.144006252163275,2.649778301575469,-203.1424522829604,-200.0294681557801
148,0.07973541430483472,0.004552392216485748,0.3511703861708354,-25.32784684894784,-16.31902031204284
149,0.7457762148728043,0.3583831105441092,1.344651862943562,-90.56995260397761,-90.1423519093613
150,0,0,0.1586061903010199,-14.70301020186707,-2.594218449023097
151,3.199366059087105,2.296167541956967,4.309727149892119,-347.4363080587304,-328.9104073230649
152,0,0,0.1587946888586486,-14.67402633291083,-2.579626509930919
153,1.075627394742638,0.5914696751130349,1.770297319836141,-134.6058516844349,-134.5724531267483
154,1.305715881596436,0.7661748845850479,2.055103463136397,-145.8164957079964,-145.293088440779
155,0,0,0.1516252773410308,-16.10546191813039,-3.438431664669871
156,6.868027423778944,5.478009622054239,8.476798652202978,-770.9870640007728,-684.1749310055683
157,0.4821279685569879,0.1916877678106111,0.9773152093459063,-68.04659345544292,-65.98134785590274
158,6.466958610778169,5.134965530851188,8.01169685099964,-679.8943774304033,-600.2778999640283
159,0.827474526147277,0.4146712637370396,1.451683512434718,-107.6654960758379,-107.4746795973885
160,4.246921717004697,3.186800483634013,5.525750845927959,-440.5890505165285,-405.8204725741899
161,3.165827893369516,2.262806227146531,4.282654432350774,-338.5854413835814,-320.7978250262253
162,0.9934217083624043,0.5318527448041154,1.665929523927188,-120.2662173543769,-120.2659390853113
163,0,0,0.1526712186381239,-15.83090825826642,-3.250774955279468
164,0,0,0.1526712186381239,-15.83090825826642,-3.250774955279468
165,0.6620794472227198,0.3024840520881905,1.232227701201848,-84.4576390234925,-83.67268722810442
166,2.092820266830832,1.388882378727659,3.005836257384811,-244.4721218572536,-238.8389575994318
167,0,0,0.158884088715396,-14.66037768671609,-2.572791616481407
168,0,0,0.1587095274349737,-14.68708601779477,-2.586188330914299
169,0,0,0.1496647833586264,-16.77361757172548,-3.940431794186492
170,0,0,0.158884088715396,-14.66037768671609,-2.572791616481407
171,0.2431421127984135,0.0604875290424381,0.6307681263694809,-40.75652670277302,-35.66492297628946
172,0.8643226238491918,0.4488031495321673,1.480396183222905,-103.4103257834451,-103.2875728936809
173,1.242264535513378,0.7150833347637605,1.982063923161834,-144.7848619419063,-144.4551236457336
174,2.08096229108364,1.367745721634483,3.006356452598832,-224.2176860657293,-218.8878508435007
175,0.799112879287542,0.4003751356094858,1.40154545986307,-101.2470880261679,-100.9755899335356
176,3.75473785334179,2.771280767533818,4.94729595517889,-415.3091462705755,-388.2091674975102
177,0.3165158010712144,0.09831538097516929,0.7357149315598096,-54.97834348104672,-50.94740088005969
178,0.4754945707058578,0.1890891188325891,0.9640490559592677,-65.6841913958289,-63.5297596551826
179,0.4855693876386781,0.19301724760303,0.9841022819052266,-64.92420025355909,-62.90322628126995
180,0.5795140427027213,0.2491702339625983,1.121609970414497,-76.607569465497,-75.35124193176208
181,0.1654406081422416,0.02751743198455613,0.5110326829251668,-29.14888352044929,-22.66241084243368
182,1.359235445725833,0.8111241384439979,2.111603929638824,-185.5666196051384,-184.8421194069503
183,0.4863330803756514,0.1933022829785201,0.9855573128940089,-67.14668477519456,-65.1350852074712
184,1.86409852498926,1.214953886289839,2.714091966901049,-233.2426101244488,-229.4149702437505
185,1.348420382890485,0.804747280685866,2.094967066436039,-166.3739652920013,-165.6845409774375
186,0,0,0.1587095274349737,-14.68708601779477,-2.586188330914299
187,2.559762970277836,1.760620469477356,3.56922926253108,-287.8390685825798,-277.5987533393681
188,1.856788601484524,1.197487888209293,2.722512754888836,-211.6594980922982,-208.0403609170533
189,2.648878653249099,1.844045834580389,3.657187342722517,-312.5915046534935,-300.9970158158741
190,0.3179693096977526,0.09873447895625412,0.7388543525057636,-53.17063021584727,-49.17633545371731
191,0.7267371440982119,0.349186602462024,1.310070902827207,-96.75048345570191,-96.23893783284353
192,0,0,0.1568499220011738,-14.98802151406236,-2.743472859665984
193,0.2482610551329823,0.06173795335647265,0.6438174289016017,-44.79729983455604,-39.89429762168923
194,0.07910733071501459,0.004517759793310978,0.3484961149321902,-25.4812315521628,-16.3837472287194
195,1.009085670512094,0.5405563591106947,1.693245799530519,-123.7170016169643,-123.7164697997805
196,0,0,0.1496647833586264,-16.77361757172548,-3.940431794186492
197,0,0,0.1586061903010199,-14.70301020186707,-2.594218449023097
198,1.760075113710892,1.123809826973698,2.602889096619937,-203.2797366644305,-200.3379949504819
199,0.2340945004791579,0.05820115144091314,0.6069012379429752,-42.57178031503372,-37.11067228208876
200,0.2339841623756855,0.05819828792512499,0.6068713170949149,-43.19802778888404,-37.73643085602527
201,0,0,0.1521418218452242,-15.96500232601862,-3.341036237756486
202,1.995407197331714,1.299059888638622,2.902524608528398,-217.7818622535052,-213.1813372514792
203,0.6481912466676844,0.2963657725352409,1.207268070005947,-88.6245391092796,-87.75347975948179
204,2.751688770921382,1.927424219565206,3.7838610697938,-317.9473151358027,-305.1765043217044
205,1.643055372010044,1.023744440948796,2.471553483768838,-183.9921984122498,-181.8913076448084
206,0.2427325523430757,0.06035897743008457,0.6294252384464275,-36.77869465778492,-31.66715749756136
207,0,0,0.1531778044958199,-15.71040929770141,-3.171935942717346
208,3.97034686092426,2.940927457364726,5.218441176069163,-434.9464885452136,-405.3129803244359
209,2.670381732713027,1.859222809898304,3.68741863325065,-292.1502341361827,-280.3873566901026
210,0.08272711133697663,0.004722166651887117,0.3642755843892275,-23.58291296065094,-14.9888935443683
211,0.2376280344455072,0.059094640644764,0.616226650388529,-42.30374725556163,-36.99094891340106
212,0.6491076189700894,0.296637063271197,1.208399201790962,-76.7714617210059,-75.90443305194026
213,3.692808058844713,2.726261697130618,4.866427700077104,-425.7837039316954,-399.2339313887499
214,4.557277725033343,3.456071166115427,5.870899476720544,-514.1462034977175,-473.6758537514373
215,2.161776507091746,1.432892034752763,3.101367028994756,-239.7923447697615,-233.7298057463351
216,0.2478792668558152,0.06164639845045966,0.642861643566637,-39.93564483770339,-35.01912808701235
217,1.126165197449556,0.6346672761567884,1.824105022098941,-136.5823853323897,-136.4867506390693
218,1.345805956706567,0.7893013594105587,2.117214889670254,-159.7771011443417,-159.1367635202397
219,0.731703315596065,0.3516031962769033,1.319150217507604,-85.41803554300759,-84.92955765272282
220,0.799112879287542,0.4004307782821793,1.401746912404768,-101.7546149196201,-101.4834732878832
221,0.2479512374420204,0.06169059980674158,0.6433234300379552,-42.68913974365545,-37.77915557636624
222,0,0,0.1555966229743793,-15.21130986518392,-2.868006260744141
223,3.607299280910822,2.644261596346012,4.782866534031221,-413.2521838470209,-388.6028716962137
224,2.749515490671449,1.925376467461393,3.779863155917147,-306.440511709853,-293.6927860067233
225,1.161017648278379,0.6533404825365913,1.877889006207413,-131.7349054289137,-131.5884521018927
226,0,0,0.1531778044958199,-15.71040929770141,-3.171935942717346
227,0.1595547309833024,0.02652527058762374,0.4925929414961395,-34.02576886660577,-27.16016891120875
228,4.638872811505148,3.536446870789285,5.95089959468965,-514.5459835243903,-471.8048365768725
229,1.440406564062256,0.8730781733531999,2.211763592445136,-172.9989840105223,-171.9349670587662
230,4.819447429069294,3.673417910382852,6.182385530873384,-521.7303744173047,-477.289309178459
231,0.3962041492260049,0.142095462169093,0.8516856520250808,-58.92302048803183,-55.93365436173518
232,1.823086024659707,1.163557942525839,2.695184424308083,-204.0986324594864,-200.8191266118519
233,1.262295374494281,0.7263537526888327,2.013370069959669,-151.6392694059267,-151.262237757119
234,0,0,0.1586061903010199,-14.70301020186707,-2.594218449023097
235,2.148832195335483,1.424835886357789,3.083867467296059,-255.643978486694,-249.6599072151585
236,0.3214968917010186,0.09979649592265902,0.7468101583216836,-50.22473513232073,-46.32160857330465
237,0.3175568867169262,0.09856179085159116,0.7375630208546271,-48.71586882704295,-44.70655770696729
238,0.7236861513013029,0.3477582620725271,1.304690894266006,-92.57972801140585,-92.0541672138151
239,1.847740652393878,1.179723909800876,2.73266085239029,-202.11937982675,-198.7017049124062
240,0.0803436292515852,0.004585839119415679,0.3537532241390994,-23.79167718325017,-14.86714599753989
241,1.138201719187927,0.6411962169894814,1.842917294184025,-129.8872016938751,-129.7748039688584
242,0.5046445599771076,0.2005725217402741,1.022668770312521,-64.50482002605669,-62.71908253073978
243,0.3172387874566368,0.09851481978191533,0.7372139855057428,-51.59085242736944,-47.57748211549961
244,0,0,0.1587946888586486,-14.67402633291083,-2.579626509930919
245,0.2415182790069915,0.06008853254995829,0.6266039726487703,-37.16474554823191,-32.01102731624425
246,1.431902991794638,0.8543335748718713,2.224343492581648,-174.3984353067116,-173.4241770901854
247,0.08269300683644312,0.004719267564680831,0.3640527753635722,-23.54476404946222,-14.94395363585887
248,0.8408876300646468,0.4213564926565839,1.475128706039894,-107.5637443403461,-107.4047261789994
249,0.3958643124119105,0.1419673488981513,0.850916856393523,-65.77073427475891,-62.7744823174598
250,0,0,0.1496647833586264,-16.77361757172548,-3.940431794186492
251,0.0809933772243387,0.004624268956857355,0.3567181327413651,-23.88948530156895,-15.06014765612425
252,1.262393123444518,0.7263870117083426,2.013462083894845,-151.6797931932865,-151.3026189074205
253,0.07982160051373588,0.004558012777585976,0.3516035244631429,-24.34566373032143,-15.35106371482794
254,1.392698059662788,0.8309457231134083,2.163317413505278,-163.6080566576984,-162.7714560239148
255,1.110397300493742,0.6255438359168243,1.797831421819224,-139.3782284676668,-139.3040750581928
256,0.3306022814354523,0.1026436991789143,0.7681401565339281,-49.4472086678705,-45.7770099658417
257,0,0,0.1549726018460184,-15.33024656826905,-2.937175992327751
258,3.459285845849511,2.505230276983125,4.62969080531608,-407.0397395069913,-385.3150217422635
259,0.4963301968333558,0.197388994384334,1.006422630249465,-67.32568031884543,-65.44412583287192
260,0.1654406081422416,0.02751329406252439,0.510956003612171,-34.69689063196449,-28.20890918105467
261,0.5882576932224677,0.2528537875030022,1.138214754217524,-79.5534017272773,-78.37026138432358
262,0.08276133852618986,0.004724833934376947,0.3644814682077029,-20.30763959956477,-11.71992630236536
263,0.5789058182679402,0.248814978720006,1.120007528988723,-78.65852158303159,-77.39493693569301
264,0.4053844671294142,0.1453532781944914,0.8712356862635343,-57.0858229435984,-54.26614033932984
265,0,0,0.1586061903010199,-14.70301020186707,-2.594218449023097
266,0,0,0.1587095274349737,-14.68708601779477,-2.586188330914299
267,0.08272711133697663,0.004722277313220881,0.3642840151101095,-22.64353984759181,-14.04977718584759
268,0.672614872363133,0.3075410532499758,1.252862759335923,-86.48721853994421,-85.76842350548446
269,0,0,0.1552139788661369,-15.28355651703799,-2.909783789684377
270,0,0,0.1521418218452242,-15.96500232601862,-3.341036237756486
271,0.2410831412329117,0.05994235034795094,0.6250749182005662,-42.52662033553572,-37.34982638889796
272,0,0,0.1586061903010199,-14.70301020186707,-2.594218449023097
273,0.07910733071501463,0.004517510882330257,0.3484771605954944,-26.17570068065133,-17.07758416905458
274,0.07947796877221361,0.004537339614365465,0.3500089125734852,-24.68696443002329,-15.63980710902187
275,1.635829961231966,1.020016282356977,2.462511538365548,-196.9763712300123,-194.9039352887146
276,3.289891961862721,2.362864747374569,4.435293792321851,-389.892167453582,-370.5954546349062
277,7.385863746544554,5.970549625337389,9.01182073450496,-838.7878505923029,-735.5422662031053
278,5.843198600148246,4.57886034886406,7.323303237742061,-617.1772665075342,-551.662235110263
279,1.322824645360678,0.7760951779546643,2.081752925112128,-161.2547813417178,-160.6820972859678
280,2.86920163287039,2.020314384602466,3.927894467972851,-331.1488483852252,-317.0640547119365
281,1.076326156181025,0.5920071488054364,1.771894821675713,-127.5064721565345,-127.4722436555392
282,0,0,0.1587946888586486,-14.67402633291083,-2.579626509930919
283,1.430999725372392,0.8537783615134247,2.222900937927042,-176.8430111227177,-175.8720809655362
284,1.164456111013433,0.6700693549754007,1.857045312700455,-147.8566759106923,-147.6913791172751
285,2.418199249318671,1.653375394566492,3.391206281231708,-276.5048183317954,-267.6036916183313
286,0.1653669654700404,0.02749781468300623,0.5106682868061574,-32.96321151028148,-26.46954342728968
287,1.131189567092505,0.6373137429247608,1.831727532616631,-137.3995917914184,-137.2972982890253
288,2.106466947856093,1.397382486793623,3.024279185147572,-247.3564349936559,-241.6402213143396
289,1.665245202558635,1.051942802912163,2.48555218573744,-204.4132289348968,-202.0834247543065
290,0.5883996000409806,0.252889710327004,1.138376290250064,-80.35278888473813,-79.17034321559707
291,1.576557610061319,0.9697723107796526,2.396111389625515,-174.4884853934214,-172.7866808943381
292,2.875348956122284,2.02462199777013,3.936582754442377,-323.6551922646856,-309.5227493450857
293,0,0,0.1516252773410308,-16.10546191813039,-3.438431664669871
294,2.385284837504003,1.618673554131984,3.361614277276983,-268.2111082501304,-259.8488774259066
295,1.490272937482375,0.9034740421674969,2.288947571776587,-185.0079653949164,-183.7484369850346
296,1.773557733820869,1.132352038797925,2.622722103233036,-205.6024116657711,-202.5883480094501
297,0,0,0.1516252773410308,-16.10546191813039,-3.438431664669871
298,0.2521502481321013,0.06269601016897935,0.6538181688310073,-41.31797585386294,-36.55360571344624
299,0.3240830404097267,0.1006266194618907,0.7530290879024052,-51.62587040507199,-47.79235164217358
300,0.1584632394581053,0.02635138005933893,0.4893611315817671,-33.46992259502576,-26.53463794896742
301,0.413126755121188,0.1482197370436028,0.8884387118909101,-61.09300093386769,-58.41440064542178
302,0,0,0.1586061903010199,-14.70301020186707,-2.594218449023097
303,0.1653669654700404,0.02749781476652754,0.5106682883577149,-32.40755965639897,-25.91389160407165
304,0.33624047044849,0.1043600664091825,0.780999506467612,-51.4148928995863,-47.87749354284861
305,1.827005938688348,1.178687986815378,2.6795578078991,-213.5002831431633,-210.0473862528937
306,0.5789058182679402,0.2486642188868775,1.119327149671828,-78.1785671006524,-76.91189313806555
307,2.915188222346498,2.063845015043002,3.974791156379294,-332.1756364858901,-317.3095897861364
308,0.571962695527903,0.2457514909662593,1.106197257725043,-80.05684605436849,-78.72922991070328
309,0,0,0.1521418218452242,-15.96500232601862,-3.341036237756486
310,0.07947796877221361,0.004537339699455578,0.3500089190544758,-24.67986054846459,-15.63270344189244
311,0,0,0.1531778044958199,-15.71040929770141,-3.171935942717346
312,0,0,0.1587095274349737,-14.68708601779477,-2.586188330914299
313,0.7192442708302644,0.3456101499524959,1.296630388224559,-92.38084364913315,-91.83375518221538
314,0.1652478288328031,0.02748657924685655,0.5104594872651804,-31.32610913520429,-24.8283087786859
315,1.53088975879878,0.9413888960432917,2.325800152723189,-182.4368693188944,-180.936123679062
316,2.021351509508919,1.316973354680863,2.942617531474828,-235.0793333650334,-230.3138994133111
317,0.4051679387708599,0.1453236804845864,0.8710582639779598,-58.40685226614563,-55.58567566612575
318,0.1583140195638087,0.02632191168988198,0.4888135078595052,-36.35021564744011,-29.40302435884574
319,0,0,0.1586061903010199,-14.70301020186707,-2.594218449023097
320,2.433734672840499,1.663225277035777,3.411471288338169,-286.3237034718422,-277.3179689963913
321,0,0,0.1516252773410308,-16.10546191813039,-3.438431664669871
322,0.1584062156378572,0.02634589212858035,0.4892592142308062,-33.67668986652678,-26.73919239963585
323,0.4025357380883318,0.1443540671525903,0.865242617715205,-55.2565446527595,-52.38593931266396
324,0.554333553203464,0.2381556918044105,1.071958622114017,-83.9860148319085,-82.48763618825264
325,2.720144012131716,1.90854314620881,3.746728140883013,-305.6107029553708,-293.051848299206
326,0.5719621228998845,0.2457849956759316,1.106348318314374,-78.5162140917607,-77.18931223896152
327,1.267957361867776,0.7434059631762855,1.99389178404783,-161.6472064638211,-161.2313756295716
328,4.753276030802792,3.62273251439922,6.096799002700069,-505.8312269505158,-462.0142696780016
329,0.4863330980659673,0.193307026663402,0.9855815156426997,-67.29454946395076,-65.28310547969876
330,0,0,0.158884088715396,-14.66037768671609,-2.572791616481407
331,0.4084222558631115,0.1464930233975457,0.8780757815454127,-60.14424188815297,-57.38154782929968
332,0.08272711133697663,0.004722564996053778,0.3643059232056363,-23.08559576616251,-14.49249970827659
333,0,0,0.1552139788661369,-15.28355651703799,-2.909783789684377
334,0.0809933772243387,0.004624268971589416,0.3567181338636546,-23.88943863147471,-15.060101021716
335,0,0,0.1586061903010199,-14.70301020186707,-2.594218449023097
336,0,0,0.1489157159364991,-17.13083150418989,-4.233003763206788
337,0,0,0.1542933232805569,-15.46675982192833,-3.019057036940108
338,0,0,0.1587095274349737,-14.68708601779477,-2.586188330914299
339,1.76195967639284,1.124755402350029,2.605086175611858,-202.7108428219977,-199.7611051571091
340,0.3962041492260049,0.1420868478248867,0.851633992491113,-60.71422724410766,-57.72439903153658
341,0.7244209592356546,0.3480381408958558,1.305756360129334,-95.8947262434406,-95.37195497342601
342,1.960745374292365,1.276982085484585,2.85302714781074,-225.8754641462498,-221.4781062720781
343,0.3190371189055461,0.09908259712619226,0.7414621574730363,-51.42230096365206,-47.45815592690412
344,1.379462046685845,0.8232061143963025,2.143126088810612,-166.0611301754506,-165.2688323788463
345,0.7236861513013029,0.347723680397405,1.304573125389894,-94.84976494344716,-94.32388493862952
346,0,0,0.1586061903010199,-14.70301020186707,-2.594218449023097
347,0.0840118386331272,0.004796470841944317,0.3700100390264286,-22.05020707964199,-13.62803456276098
348,0.07947796877221361,0.004537339703024491,0.3500089193259841,-24.67984927838783,-15.63269218080111
349,0.3306022814354523,0.1026071276300304,0.7678662772860737,-46.94087962725274,-43.26779213362326
350,0,0,0.1552139788661369,-15.28355651703799,-2.909783789684377
351,0.2521502481321013,0.06269168825396226,0.6537730958656505,-41.76345534820658,-36.99847234906254
352,0,0,0.1552139788661369,-15.28355651703799,-2.909783789684377
353,0,0,0.1586061903010199,-14.70301020186707,-2.594218449023097
354,0,0,0.1526712186381239,-15.83090825826642,-3.250774955279468
355,0.0840118386331272,0.004795841140543551,0.3699620764436495,-23.72366201512052,-15.30007655738391
356,0,0,0.1544423097598918,-15.43613124877629,-3.000452181058462
357,0.08260357252612939,0.004717381241977191,0.3639039844181505,-23.78814349254327,-15.18279150924194
358,0.08260357252612939,0.004715563871373199,0.3637654343582107,-22.16733706105674,-13.55775203235184
359,0,0,0.1496647833586264,-16.77361757172548,-3.940431794186492
360,0.2411974812789271,0.06000011198290689,0.6256779109860238,-42.94100561095586,-37.7733132269989
361,0,0,0.1586061903010199,-14.70301020186707,-2.594218449023097
362,0.4680933988069622,0.1860219804384896,0.9483890749372907,-67.66330624698372,-65.39889033640165
363,5.778647705615239,4.544379181725739,7.219042369687648,-727.9142210921433,-661.1741210395874
364,0.5650971659552114,0.2428432434041477,1.093087877668933,-75.97881990389587,-74.58789951086929
365,0.0825694155589837,0.00471368574783121,0.3636204563875816,-23.559199666474,-14.94518685186659
366,0,0,0.1496647833586264,-16.77361757172548,-3.940431794186492
367,0.07910733071501463,0.004517510832899729,0.3484771568294304,-25.52872310869044,-16.43060647135081
368,0,0,0.1586061903010199,-14.70301020186707,-2.594218449023097
369,0.1591099820698349,0.02645647807012601,0.4913143688784345,-32.67718916479499,-25.78413991572043
370,0.0803436292515852,0.004585839077911846,0.3537532209785748,-23.79174282748683,-14.86721153949167
371,0.2340065213379361,0.05819470451685819,0.6068339203101529,-45.45251592369421,-39.99031546730671
372,1.118070933028561,0.6298094647407828,1.810115397567075,-141.54912432885,-141.4652153712844
373,0.1652478288328031,0.02748862404029728,0.5104974983729286,-31.2110137923974,-24.71396528870799
374,1.15851407890808,0.6528508332329175,1.876474671283921,-146.8993317608834,-146.7543170320264
375,0.2411974812789271,0.06000420311154247,0.6257206178339297,-42.38205908301449,-37.21500988661657
376,0,0,0.1586061903010199,-14.70301020186707,-2.594218449023097
377,1.2901724881579,0.7564348051186252,2.028908626818553,-152.3956166435408,-151.9192153097117
378,0,0,0.1586061903010199,-14.70301020186707,-2.594218449023097
379,0,0,0.1531778044958199,-15.71040929770141,-3.171935942717346
380,0.2425389703651312,0.060320873377083,0.6290257504695597,-39.93650095580209,-34.81899756530078
381,0.08080457008463598,0.004612891543041742,0.3558405485044867,-24.13990109299842,-15.28256010330457
382,0.08069466141319402,0.004605707689174618,0.3552869650270162,-24.19309389027755,-15.31801385525429
383,0.1654406081422416,0.02751281868705668,0.5109471732811268,-33.19571057947852,-26.70755486968192
384,0.5719621471027101,0.2457835776374132,1.106341929853202,-78.28569228182104,-76.95876022333756
385,0.08269300683644312,0.004719583297976265,0.3640768161282774,-22.84972179316956,-14.24964398861957
386,0,0,0.1555966229743793,-15.21130986518392,-2.868006260744141
387,0.1595547309833024,0.02652527107875684,0.4925929506159587,-34.30108302417543,-27.43548326388043
388,2.025067733794949,1.331279469181649,2.925963991106971,-238.1718403379823,-233.1881351585731
389,0.4042149629759886,0.1449663389632111,0.868913767189505,-61.00842900878029,-58.16912711294248
390,1.346391254168758,0.7896694141025848,2.118244705842816,-161.8384956729163,-161.1962279245602
391,1.540387164626002,0.9473199396791243,2.340526093826903,-176.955048313365,-175.4126894488027
392,0,0,0.1531778044958199,-15.71040929770141,-3.171935942717346
393,0.252539945928772,0.06279932608644359,0.6548987908681593,-39.32969756773886,-34.58002710936879
394,0.4967897951025611,0.1974934643765134,1.006957816902615,-63.42346060970284,-61.5451364413606
395,1.241040221553212,0.7138614685186826,1.978669756758169,-150.2929349543996,-149.9681904564291
396,0.4084222558631115,0.1464846083799498,0.8780253008888041,-59.47184977534259,-56.70873958647627
397,0.2482610551329823,0.06172859908312014,0.6437198594551915,-43.46676886864659,-38.56239128147074
398,0.1652478288328031,0.02748306853931322,0.5103942403382643,-33.1144039874839,-26.61531280150911
399,1.287399063480158,0.7549433361330629,2.024895302870755,-164.2223334742186,-163.7530035635989
400,0.3314782087404345,0.1029168976182184,0.7701880462806922,-48.12806476986435,-44.47939035764528
401,1.683438779179296,1.049590810357826,2.534087375121715,-196.3435306026903,-194.0438603451242
402,0.9934217083624043,0.5322836332124092,1.667283187832542,-120.7146722521897,-120.7144584342717
403,0.7356401556244686,0.3535111397639586,1.326319881892669,-96.56115294584937,-96.09036722831055
404,0.2431421127984135,0.06045671833316085,0.6304437490757322,-41.66799910963135,-36.57156958259198
405,0.1652478288328031,0.02748488228160131,0.5104279463041095,-31.70486085656323,-25.20643653426448
406,0.8852955200003538,0.4596718447365892,1.51628217683338,-113.325716664012,-113.2406686964806
407,0.1632711105261157,0.02716061944294728,0.5044012910548846,-33.27286816736513,-26.65356156168556
408,0.3975846763444474,0.1425809877101313,0.8545992644275295,-62.56234059271436,-59.59892132534072
409,0.1560116390774791,0.0259393412013636,0.4817035576695161,-35.65762875119958,-28.55314042918398
410,0.2391998175252572,0.05950885631338905,0.6205503805383326,-43.58363260387981,-38.3378513256861
411,0.1680556312891711,0.02794393269974886,0.5189600168863178,-32.8682134162177,-26.53564887301652
412,0,0,0.1544423097598918,-15.43613124877629,-3.000452181058462
413,0.0816765816592414,0.004661485566262051,0.3595925099791887,-24.28357529628526,-15.54495753784096
414,0.08043965004980022,0.004590887963996609,0.35414333617941,-23.06425436592971,-14.15234246677401
415,0.07947796877221361,0.004537339675282072,0.3500089172128987,-24.68677186436204,-15.63961469686235
416,0.9934217083624043,0.5319333195902779,1.666182165534631,-118.0860881851942,-118.0858219637446
417,0.1608404401593078,0.02674970826217682,0.4967641297519041,-32.27806774353824,-25.50093605144646
418,1.600280348993882,0.9974326458062074,2.407853311011338,-188.9733392611431,-187.0719625466304
419,0.08040645433225528,0.004589960025488231,0.354070774835188,-24.30694153892145,-15.39268614827696
420,0.2477611270174123,0.06161775376706309,0.6425628504187108,-42.55239124280872,-37.63164217637139
421,0.4019088154682159,0.1441260600039966,0.8638710501598973,-57.43370690917116,-54.55130767165476
422,3.396026460520269,2.458498208848061,4.543079639073195,-375.7237819960291,-354.5445216860605
423,0.07973541430483472,0.004552454776025189,0.351175156341252,-24.72986903651404,-15.72119953812996
424,1.779252477706989,1.13510560139878,2.629118009214179,-209.0541112381427,-206.0167027694151
425,1.658651752080649,1.033738278785342,2.495712301490878,-184.0037012218385,-181.8262476279339
426,0,0,0.1544423097598918,-15.43613124877629,-3.000452181058462
427,1.391823676537776,0.8308311882029321,2.163023115798783,-167.5139484608103,-166.6780077671302
428,0,0,0.1520033200006337,-16.00165512715518,-3.36617094599926
429,1.039334906865242,0.5717450474361175,1.71113370101952,-126.2667279715781,-126.2571623874251
430,0.08040645433225528,0.004589960024110953,0.3540707747302553,-24.30694589974737,-15.39269050571405
431,0.08069466141319402,0.004606024574850898,0.3553110960608099,-23.4978655074651,-14.62355929842181
432,0.9734045036345622,0.5212063008473261,1.632519232366025,-118.6795260318557,-118.675099294792
433,0.3267244465334044,0.1014372507892004,0.7591020001570354,-51.13455361000628,-47.36764424546952
434,2.952035574411806,2.078584734228088,4.041563605790365,-336.7498673469134,-322.0131774146702
435,0.161357636367775,0.02683785497504133,0.4984024245147017,-32.77490245536037,-26.03207490589999
436,0.6620794472227198,0.3026509052613398,1.232909954113196,-83.54596143072007,-82.76326803519171
437,0,0,0.1496647833586264,-16.77361757172548,-3.940431794186492
438,0.08269300683644312,0.004719267559441983,0.3640527749648051,-23.81856850059532,-15.21775807483863
439,0,0,0.1520033200006337,-16.00165512715518,-3.36617094599926
440,0.08260357252612939,0.004716770704418803,0.3638574673463936,-23.54316415502352,-14.93639324268335
441,0.08080457008463598,0.004612891654688716,0.3558405570075446,-24.13954751021238,-15.28220679230492
442,0.6435450788082023,0.2942119222324516,1.198480348637847,-86.31874240919274,-85.41569589639712
443,1.574217711819394,0.9683209010717247,2.392499502981473,-188.059409138412,-186.3680000593953
444,0.4963301968333558,0.1974092724622246,1.006526389170407,-65.78171846226984,-63.90079069387397
445,0.4793387223116354,0.1905483062546099,0.971497819327071,-66.11725143698914,-64.01333468371134
446,1.53764231207037,0.9458348133212153,2.336811329680248,-186.2816943324519,-184.7497793416038
447,0.827474526147277,0.4149008722474251,1.452490008856868,-117.9592423847274,-117.7695815795995
448,0,0,0.1544423097598918,-15.43613124877629,-3.000452181058462
449,0,0,0.1587095274349737,-14.68708601779477,-2.586188330914299
450,0,0,0.1531778044958199,-15.71040929770141,-3.171935942717346
451,0.4680933988069622,0.186084184333144,0.9487089854326302,-72.32215909975602,-70.06004368107551
452,0,0,0.1555966229743793,-15.21130986518392,-2.868006260744141
453,0.9252068916340579,0.4803966315029146,1.584771517949175,-114.8203269513238,-114.786250467534
454,0.08069466141319402,0.004605707745320318,0.3552869693024324,-24.60717997464308,-15.732100076726
455,0.2482610551329823,0.06172569981985672,0.643689618783569,-40.69573663225904,-35.79093260286987
456,0.1619950629221069,0.02694772436094001,0.50044443266067,-32.48145945352204,-25.78104284657922
457,0.161357636367775,0.02683603410570215,0.4983685865126796,-33.79315198866122,-27.04961893007183
458,0.5789058182679402,0.2488410589386808,1.120125142822107,-76.28792024849187,-75.02486920427269
459,0.08040645433225528,0.004589960148132652,0.354070784175492,-24.30655340979911,-15.39229832083203
460,0.07752718100570599,0.004425746480228573,0.3413960512783915,-25.80870148470416,-16.46879663146517
461,1.990455540123442,1.296215924868218,2.896112821814985,-222.3530145218719,-217.778637524337
462,0.2449755534696504,0.0609438356277126,0.6355284160316232,-41.33905812105272,-36.31728263147112
463,0.1654406081422416,0.02751692310177785,0.5110234406433601,-34.28956956207713,-27.80291902378202
464,0,0,0.1526712186381239,-15.83090825826642,-3.250774955279468
465,0.4022401618762182,0.1442258604625392,0.8644701799841373,-60.81814265504297,-57.94089941747201
466,1.71885054069095,1.08594975277581,2.566063073580989,-196.5480664557866,-193.9446297170079
467,0.1619950629221069,0.02694408044083995,0.5003767015514129,-32.56767511050221,-25.86585885805095
468,1.800048358542061,1.148729715844751,2.660755268264335,-217.0548799153073,-213.9017303073633
469,0.9819739095475389,0.5258557486556876,1.647110325332286,-122.0469595263834,-122.0449704211676
470,0.2391998175252572,0.05950885931299289,0.6205504118527727,-42.70404609255777,-37.45826529507821
471,0.2482610551329823,0.06173385501554727,0.6437746727790419,-44.79930660500362,-39.89570170940747
472,0.2408981797634445,0.05994223355089521,0.6250739665626012,-42.07887485085436,-36.90205933149373
473,0.08040645433225528,0.004590276985562147,0.3540949153476042,-23.61175983523747,-14.69828412198455
474,0,0,0.1587095274349737,-14.68708601779477,-2.586188330914299
475,0.08080457008463598,0.004612891701196898,0.3558405605498385,-24.70398467557197,-15.84664407088661
476,0,0,0.1544423097598918,-15.43613124877629,-3.000452181058462
477,0,0,0.1549726018460184,-15.33024656826905,-2.937175992327751
478,2.41031205907706,1.658283008165763,3.36115643326219,-288.2032632210702,-279.0702737067208
479,0,0,0.1586061903010199,-14.70301020186707,-2.594218449023097
480,0.1652478288328031,0.02748306846314003,0.510394239331519,-32.75690141387528,-26.2578102162029
481,0,0,0.1586061903010199,-14.70301020186707,-2.594218449023097
482,0,0,0.1516252773410308,-16.10546191813039,-3.438431664669871
483,0.3179693097229411,0.0987344785084981,0.7388543491531385,-51.2276432564552,-47.23334845540964
484,1.719874022413826,1.084670180149068,2.563019121240143,-203.2569761537846,-200.6639046377495
485,0.33624047044849,0.1043743873471586,0.7811066669700363,-50.31218687081275,-46.77587090842243
486,0.2374940231821467,0.05906075629377149,0.6158731182281264,-43.84022431168709,-38.52189949531315
487,0,0,0.1497938208255183,-16.72002443050357,-3.897908757598631
488,1.226427696760548,0.7060788489513787,1.957052554611567,-149.3285908195252,-149.0350135977257
489,0,0,0.1516252773410308,-16.10546191813039,-3.438431664669871
490,0.4844503822459733,0.1925455016634576,0.9816936337380477,-67.12220785022848,-65.08562544221164
491,0.08260357252612939,0.004716770706265802,0.3638574674872636,-23.90070776299477,-15.29393685495103
492,3.410926190749758,2.480365470662111,4.549389833883263,-391.7394143227474,-369.9000235649949
493,0,0,0.1516252773410308,-16.10546191813039,-3.438431664669871
494,2.253035271557882,1.506806850325913,3.214316890358775,-271.7703348512677,-264.8532342148715
495,3.063719482341401,2.179412346257668,4.160248221598794,-346.1126278899119,-329.6157943029937
496,0.5789058182679402,0.2488019938029384,1.119948903517476,-77.84202830879914,-76.57817767201351
497,0.4202014131901913,0.150695193633991,0.9032951948825074,-59.97649436431688,-57.41391631829251
498,0.1606092920236894,0.02672023713957215,0.4962165489111646,-32.12829890847537,-25.33964662926258
499,0.2479512374420204,0.06166197545636425,0.6430244095638097,-41.27561571914745,-36.36140534221494
500,1.392839998707505,0.8315211547219726,2.164834395901711,-166.7982092839407,-165.9582856273945
501,0.1619950629221069,0.02694772181319702,0.5004443850475196,-31.87004462168152,-25.16962702606536
502,0,0,0.1520033200006337,-16.00165512715518,-3.36617094599926
503,1.050218938517168,0.5778826534940099,1.729538290557429,-128.2392766025024,-128.2237397251173
504,0,0,0.1497938208255183,-16.72002443050357,-3.897908757598631
505,3.727536773874968,2.741368218912193,4.925640959505368,-405.8850670476866,-379.6160724869065
506,1.040254805744262,0.5723579112586273,1.712972018920837,-131.8398274855807,-131.829727128997
507,0,0,0.1520033200006337,-16.00165512715518,-3.36617094599926
508,0,0,0.1542933232805569,-15.46675982192833,-3.019057036940108
509,2.270763643013397,1.529140139494741,3.217128606179924,-251.7106040968255,-244.4278670321224
510,0.08040645433225528,0.004589960132301474,0.3540707829700178,-24.85659598230801,-15.94234085440463
511,0.2425389703651312,0.06031217810298927,0.6289350269625328,-40.45983219233152,-35.34097874675881
512,0.4970739836451442,0.1976584770850079,1.007797554797166,-63.57191763811515,-61.69865211580283
513,0.2479512374420204,0.06166606693527812,0.6430670981017824,-40.44164496788701,-35.52803792423754
514,0.827474526147277,0.4145858566762766,1.451383277919735,-102.4045001524882,-102.2132532969532
515,0,0,0.1542933232805569,-15.46675982192833,-3.019057036940108
516,0.2384135407951238,0.05931614614738775,0.6185389502692688,-41.68341379954729,-36.40658912210147
517,1.51844289095899,0.9339868383961452,2.307468736644718,-194.5822087763305,-193.1330677423001
518,0.5044181985112755,0.2004709029239168,1.022156829146797,-70.13290544859137,-68.34421731216524
519,1.145032999389346,0.6448939086629916,1.853557322092582,-141.7256439501502,-141.603266308181
520,0.9926655847782745,0.5316118899232297,1.665175738181128,-120.8918039597504,-120.8914871749865
521,4.662911114810666,3.563503377547248,5.969088187634304,-505.9938945218208,-462.265361251985
522,0.3221958027584448,0.100049408113339,0.7487070149056022,-49.25762051200282,-45.37588648308031
523,0.08269300683644312,0.004721958424195815,0.3642578154952894,-25.17006368256905,-16.57550328605105
524,1.800884367618206,1.149262175081136,2.661989306539626,-214.1258982171907,-210.9682172725735
525,0.6623435537994169,0.3029127230976369,1.233979229621775,-81.96942272020874,-81.19026055490525
526,1.244370130161506,0.716025837034797,1.984691606698617,-144.5952483593656,-144.261635972349
527,0.4747933144919035,0.188814917674323,0.9626496956530317,-76.58759970741502,-74.42355080530349
528,0.9810925553301444,0.5254838360522828,1.64594286585253,-122.6701006469361,-122.6679531592947
529,1.616012669528671,1.008037538508081,2.433530089073439,-187.805353649719,-185.8239432173109
530,0.07790870835439069,0.004448646296803424,0.3431623926141683,-24.52029113221753,-15.24167311053405
531,1.684022444623254,1.049923719609301,2.534891043174176,-194.625657035627,-192.3234105679771
532,0.5794705774799371,0.2489427044892379,1.120582603987732,-77.11766868980462,-75.85669543931382
533,0,0,0.1496647833586264,-16.77361757172548,-3.940431794186492
534,0.1680556312891711,0.02794393243848972,0.5189600120329544,-34.23335573077785,-27.90079109500007
535,0,0,0.1587946888586486,-14.67402633291083,-2.579626509930919
536,0,0,0.1526712186381239,-15.83090825826642,-3.250774955279468
537,0.7280471034526609,0.3497995501897854,1.312374538437815,-94.92237527329654,-94.41675355550733
538,4.656104735905875,3.530808432481928,5.998948705228051,-531.9402407497544,-490.5568254874945
539,0.08269300683644312,0.004719267591318519,0.3640527773916578,-23.81846724371518,-15.21765689191905
540,0.2368010182558741,0.05890570624930044,0.614254931558584,-42.67324790402201,-37.32952402325147
541,0.9552213040609129,0.5115245280284854,1.602138260686198,-118.8726733944745,-118.8598908879073
542,0.4138442994380304,0.148380218918161,0.8894016877060476,-65.13649087379626,-62.46557096135471
543,0.9111529684626245,0.4730490118459447,1.560488010647731,-113.7263209941025,-113.6771150644898
544,0.2369227862057254,0.05891798382731534,0.6143829075884434,-40.61798691554798,-35.27627914203453
545,4.610487819982438,3.513981249993475,5.912919752085806,-513.3674894136423,-470.9096618686168
546,7.005803586061329,5.626608958542183,8.593531342777805,-801.2202141201378,-707.5693618266043
547,1.076603664999951,0.5923650524662653,1.77296811085557,-134.2335419553517,-134.1987548595764
548,0.4138437692995318,0.1484072214232853,0.8895634255557343,-60.47457619601284,-57.80494366237289
549,0,0,0.1586061903010199,-14.70301020186707,-2.594218449023097
550,0.5564361557859466,0.2392520229607951,1.076901683806295,-76.57685518589338,-75.10423076437885
551,1.346997229039983,0.7900502339885612,2.119266449501557,-155.7212015186232,-155.0769482434065
552,1.476726102427631,0.9081803414583488,2.243567548592063,-178.0237600908995,-176.7514589535302
553,0.233718111663988,0.05814864916739466,0.6063533596246263,-42.66830490890307,-37.19831170322108
554,0.9707383214185482,0.5202173530756735,1.629420508996639,-119.6115682831598,-119.6064982327353
555,0.1579482393522028,0.02625839837911037,0.487633113700677,-35.26943646895162,-28.29647790858051
556,0.1595547309833024,0.02652709527200552,0.4926268268162815,-33.48201927672148,-26.61714421000578
557,1.472529823640313,0.8928867925019357,2.262061578727077,-172.9358224184537,-171.7452562325582
558,0,0,0.1586061903010199,-14.70301020186707,-2.594218449023097
559,0.4131268711317527,0.1482118311204405,0.8883912678371851,-59.68269773819032,-57.00371858171266
560,0,0,0.1613712385276859,-14.30285915382003,-2.401803901800377
561,1.451377574373271,0.8798476279021885,2.228954163163174,-170.5485346889372,-169.4416519098992
562,0,0,0.1516252773410308,-16.10546191813039,-3.438431664669871
563,1.57258056883604,0.9677332219262592,2.391044773586947,-181.496617449541,-179.8094138229045
564,0.2521502481321013,0.06270414394461732,0.6539030093106195,-40.87514960790219,-36.11193273333806
565,0.07893713762036568,0.004506258229106539,0.3476101394311115,-24.96141203024463,-15.83424336478482
566,0.33624047044849,0.1043751576200348,0.7811124345954731,-50.59588580436549,-47.05962815082129